polagStudId,ispitId,ocena
1,5,7
1,17,6
1,29,8
1,41,8
1,53,5
1,55,7
1,65,5
1,77,8
1,89,5
1,91,8
1,101,5
1,103,10
1,113,5
1,115,5
1,117,5
2,5,6
2,17,5
2,29,5
2,31,8
2,41,5
2,43,5
2,45,8
2,53,5
2,55,5
2,57,8
2,65,5
2,67,7
2,77,8
2,89,5
2,91,9
2,101,5
2,103,8
2,113,10
3,5,10
3,17,9
3,29,8
3,41,5
3,43,5
3,45,8
3,53,8
3,65,5
3,77,5
3,79,5
3,81,8
3,89,6
3,101,5
3,103,8
3,113,7
4,5,5
4,7,8
4,17,10
4,29,5
4,31,9
4,41,10
4,53,5
4,55,7
4,65,8
4,77,5
4,79,5
4,81,5
4,89,5
4,91,5
4,101,6
4,113,5
4,115,8
5,5,8
5,17,7
5,29,5
5,31,5
5,33,6
5,41,5
5,43,5
5,53,6
5,65,7
5,77,8
5,89,7
5,101,8
5,113,5
5,115,9
6,5,8
6,17,5
6,29,7
6,41,5
6,53,8
6,65,5
6,77,5
6,79,9
6,89,7
6,101,5
6,103,5
6,105,8
6,113,5
7,5,5
7,7,8
7,17,5
7,19,9
7,29,9
7,41,9
7,53,5
7,65,8
7,77,7
7,89,8
7,101,8
7,113,5
7,115,8
8,5,5
8,7,5
8,9,8
8,17,9
8,29,5
8,41,7
8,53,8
8,65,8
8,77,5
8,79,8
8,89,5
8,91,7
8,101,5
8,113,5
9,5,7
9,17,5
9,19,5
9,21,8
9,29,8
9,41,9
9,53,7
9,65,5
9,77,7
9,89,5
9,101,5
9,103,7
9,113,8
10,5,5
10,17,7
10,29,5
10,41,5
10,43,7
10,53,5
10,55,6
10,65,10
10,77,8
10,89,10
10,101,9
10,113,5
10,115,8
11,5,6
11,17,7
11,29,8
11,41,8
11,53,8
11,65,5
11,67,10
11,77,9
11,89,8
11,101,5
11,103,5
11,105,8
11,113,8
12,5,5
12,17,9
12,29,7
12,41,6
12,53,7
12,65,6
12,77,5
12,79,5
12,81,7
12,89,9
12,101,9
12,113,7
13,5,9
13,17,5
13,19,8
13,29,10
13,41,5
13,43,7
13,53,8
13,65,8
13,77,5
13,79,9
13,89,8
13,101,8
13,113,8
14,5,5
14,7,8
14,17,7
14,29,5
14,31,7
14,41,8
14,53,5
14,55,8
14,65,9
14,77,7
14,89,7
14,101,5
14,103,9
14,113,5
15,5,8
15,17,5
15,19,10
15,29,8
15,41,6
15,53,8
15,65,9
15,77,10
15,89,5
15,91,10
15,101,10
15,113,8
16,1,5
16,13,6
16,25,5
16,27,7
16,37,8
16,49,5
16,51,7
16,61,5
16,63,9
16,73,9
16,85,8
16,97,5
16,99,7
16,109,7
16,121,8
16,133,9
16,145,9
16,157,8
16,169,5
16,171,9
16,181,5
16,183,8
16,193,5
16,205,6
17,1,5
17,3,10
17,13,8
17,25,5
17,27,10
17,37,5
17,39,8
17,49,9
17,61,8
17,73,5
17,75,8
17,85,5
17,97,9
17,109,7
17,121,5
17,123,7
17,133,5
17,135,7
17,145,8
17,157,8
17,169,9
17,181,5
17,183,5
17,185,9
17,193,5
17,205,7
18,1,8
18,13,7
18,25,6
18,37,5
18,39,6
18,49,8
18,61,5
18,63,5
18,65,5
18,73,8
18,85,5
18,87,9
18,97,7
18,109,7
18,121,5
18,123,9
18,133,5
18,135,7
18,145,5
18,147,8
18,157,9
18,169,8
18,181,7
18,193,5
18,195,9
18,205,5
18,207,9
19,1,8
19,13,7
19,25,7
19,37,9
19,49,8
19,61,10
19,73,10
19,85,10
19,97,5
19,99,9
19,109,8
19,121,5
19,123,5
19,133,5
19,135,7
19,145,7
19,157,8
19,169,5
19,171,10
19,181,6
19,193,5
19,195,8
19,205,9
20,1,9
20,13,5
20,25,5
20,27,8
20,37,7
20,49,5
20,51,5
20,61,7
20,73,5
20,75,8
20,85,5
20,87,8
20,97,8
20,109,5
20,111,5
20,121,7
20,133,6
20,145,5
20,147,5
20,149,5
20,151,7
20,157,5
20,159,8
20,169,5
20,171,8
20,181,9
20,193,9
20,205,7
21,1,5
21,3,5
21,5,6
21,13,9
21,25,8
21,37,8
21,49,8
21,61,8
21,73,8
21,85,7
21,97,6
21,109,5
21,121,6
21,133,5
21,135,8
21,145,5
21,147,6
21,157,8
21,169,9
21,181,9
21,193,5
21,195,9
21,205,7
22,1,7
22,13,5
22,15,5
22,17,9
22,25,7
22,37,5
22,39,7
22,49,8
22,61,5
22,73,5
22,85,5
22,87,9
22,97,5
22,99,6
22,109,5
22,111,9
22,121,5
22,123,7
22,133,5
22,135,8
22,145,8
22,157,5
22,169,9
22,181,7
22,193,5
22,195,7
22,205,5
23,1,9
23,13,8
23,25,5
23,27,7
23,37,5
23,49,5
23,61,5
23,63,8
23,73,6
23,85,5
23,87,6
23,97,9
23,109,5
23,111,8
23,121,9
23,133,5
23,135,9
23,145,6
23,157,7
23,169,7
23,181,9
23,193,5
23,195,7
23,205,9
24,1,8
24,13,5
24,15,5
24,17,5
24,19,6
24,25,7
24,37,8
24,49,10
24,61,5
24,63,10
24,73,5
24,75,9
24,85,9
24,97,7
24,109,7
24,121,9
24,133,7
24,145,6
24,157,5
24,159,8
24,169,8
24,181,8
24,193,9
24,205,5
24,207,9
25,1,5
25,3,5
25,5,9
25,13,7
25,25,6
25,37,7
25,49,9
25,61,9
25,73,9
25,85,5
25,87,9
25,97,8
25,109,5
25,121,5
25,123,8
25,133,5
25,135,5
25,137,8
25,145,5
25,147,10
25,157,7
25,169,8
25,181,5
25,183,8
25,193,7
25,205,10
26,1,5
26,3,5
26,5,8
26,13,6
26,25,8
26,37,7
26,49,7
26,61,8
26,73,5
26,75,7
26,85,9
26,97,5
26,99,8
26,109,7
26,121,10
26,133,7
26,145,8
26,157,5
26,169,5
26,171,9
26,181,10
26,193,8
26,205,7
27,1,9
27,13,8
27,25,10
27,37,8
27,49,5
27,51,7
27,61,10
27,73,5
27,75,9
27,85,9
27,97,7
27,109,7
27,121,5
27,133,5
27,145,9
27,157,10
27,169,7
27,181,9
27,193,7
27,205,7
28,1,5
28,3,8
28,13,7
28,25,6
28,37,8
28,49,5
28,51,8
28,61,9
28,73,8
28,85,6
28,97,8
28,109,5
28,111,9
28,121,8
28,133,5
28,145,7
28,157,9
28,169,5
28,181,5
28,193,5
28,195,5
28,197,10
28,205,5
28,207,8
29,1,5
29,3,7
29,13,8
29,25,5
29,27,8
29,37,8
29,49,5
29,51,5
29,61,6
29,73,10
29,85,10
29,97,9
29,109,5
29,111,6
29,121,10
29,133,10
29,145,5
29,147,10
29,157,5
29,159,6
29,169,6
29,181,7
29,193,6
29,205,8
29,217,5
29,219,7
29,229,9
29,241,5
29,243,9
29,253,7
29,265,10
29,277,5
29,279,8
29,289,10
29,301,5
29,313,5
29,315,9
29,325,8
29,337,5
29,339,10
29,349,6
29,361,5
29,363,5
29,365,7
29,373,9
29,385,8
29,397,5
29,409,6
29,421,5
29,423,8
29,433,7
29,445,5
29,447,8
30,1,10
30,13,8
30,25,8
30,37,5
30,39,6
30,49,7
30,61,5
30,63,9
30,73,9
30,85,7
30,97,6
30,109,5
30,111,7
30,121,5
30,133,7
30,145,9
30,157,8
30,169,7
30,181,9
30,193,10
30,205,10
30,217,5
30,219,8
30,229,5
30,231,5
30,233,6
30,241,9
30,253,6
30,265,8
30,277,5
30,279,7
30,289,5
30,301,9
30,313,8
30,325,7
30,337,10
30,349,9
30,361,7
30,373,8
30,385,5
30,397,10
30,409,8
30,421,8
30,433,5
30,435,7
30,445,5
30,447,9
31,1,6
31,13,7
31,25,5
31,27,5
31,37,7
31,49,9
31,61,5
31,63,9
31,73,6
31,85,8
31,97,9
31,109,5
31,111,6
31,121,8
31,133,7
31,145,9
31,157,8
31,169,10
31,181,10
31,193,9
31,205,5
31,207,6
31,217,5
31,229,5
31,231,7
31,241,6
31,253,7
31,265,8
31,277,8
31,289,5
31,291,5
31,301,5
31,313,7
31,325,8
31,337,9
31,349,9
31,361,9
31,373,5
31,375,5
31,385,7
31,397,10
31,409,6
31,421,5
31,423,5
31,433,5
31,435,6
31,445,9
32,1,7
32,13,5
32,15,6
32,25,9
32,37,8
32,49,6
32,61,9
32,73,5
32,75,6
32,85,5
32,97,5
32,109,8
32,121,8
32,133,7
32,145,9
32,157,7
32,169,5
32,171,9
32,181,5
32,183,8
32,193,7
32,205,8
32,217,10
32,229,8
32,241,8
32,253,5
32,255,8
32,265,5
32,267,6
32,277,5
32,279,9
32,289,6
32,301,8
32,313,9
32,325,5
32,327,10
32,337,7
32,349,5
32,351,10
32,361,8
32,373,7
32,385,7
32,397,8
32,409,6
32,421,7
32,433,5
32,435,5
32,437,9
32,445,9
33,1,9
33,13,9
33,25,5
33,27,5
33,37,9
33,49,8
33,61,10
33,73,10
33,85,7
33,97,7
33,109,9
33,121,8
33,133,8
33,145,8
33,157,7
33,169,7
33,181,5
33,183,9
33,193,7
33,205,7
33,217,9
33,229,8
33,241,7
33,253,5
33,265,8
33,277,5
33,279,5
33,281,8
33,289,8
33,301,9
33,313,8
33,325,8
33,337,5
33,339,10
33,349,8
33,361,5
33,363,8
33,373,7
33,385,10
33,397,8
33,409,7
33,421,6
33,433,5
33,445,8
34,1,8
34,13,5
34,15,8
34,25,8
34,37,9
34,49,5
34,51,8
34,61,6
34,73,10
34,85,10
34,97,10
34,109,9
34,121,5
34,123,7
34,133,7
34,145,6
34,157,5
34,159,9
34,169,5
34,171,9
34,181,7
34,193,5
34,205,5
34,207,7
34,217,9
34,229,8
34,241,9
34,253,10
34,265,9
34,277,5
34,289,5
34,291,9
34,301,5
34,313,5
34,315,5
34,317,9
34,325,7
34,337,5
34,349,10
34,361,8
34,373,9
34,385,5
34,387,7
34,397,5
34,399,8
34,409,10
34,421,7
34,433,5
34,435,10
34,445,7
35,1,8
35,13,5
35,15,10
35,25,7
35,37,5
35,39,7
35,49,10
35,61,8
35,73,10
35,85,5
35,87,8
35,97,5
35,99,10
35,109,5
35,121,10
35,133,5
35,135,9
35,145,7
35,157,8
35,169,5
35,171,5
35,173,10
35,181,8
35,193,9
35,205,9
35,217,8
35,229,5
35,241,9
35,253,7
35,265,5
35,267,5
35,269,8
35,277,6
35,289,7
35,301,5
35,303,8
35,313,5
35,325,5
35,327,5
35,329,8
35,337,5
35,339,7
35,349,5
35,351,10
35,361,5
35,363,8
35,373,5
35,375,5
35,385,5
35,387,8
35,397,5
35,399,8
35,409,8
35,421,5
35,433,5
35,435,10
35,445,6
36,1,7
36,13,8
36,25,5
36,27,5
36,37,5
36,39,7
36,49,8
36,61,8
36,73,5
36,85,5
36,87,8
36,97,5
36,109,7
36,121,7
36,133,5
36,135,7
36,145,8
36,157,8
36,169,10
36,181,5
36,183,8
36,193,9
36,205,7
36,217,6
36,229,8
36,241,5
36,243,9
36,253,5
36,265,5
36,267,6
36,277,8
36,289,8
36,301,5
36,313,7
36,325,10
36,337,5
36,339,6
36,349,8
36,361,10
36,373,8
36,385,9
36,397,5
36,399,8
36,409,5
36,411,5
36,421,9
36,433,6
36,445,9
37,1,5
37,3,5
37,5,10
37,13,5
37,15,7
37,25,9
37,37,7
37,49,6
37,61,8
37,73,7
37,85,5
37,87,9
37,97,7
37,109,5
37,121,8
37,133,8
37,145,10
37,157,8
37,169,9
37,181,7
37,193,9
37,205,5
37,207,5
37,217,10
37,229,9
37,241,10
37,253,5
37,265,7
37,277,8
37,289,5
37,291,8
37,301,5
37,303,7
37,313,5
37,325,7
37,337,5
37,339,8
37,349,6
37,361,7
37,373,9
37,385,8
37,397,8
37,409,8
37,421,5
37,423,7
37,433,9
37,445,8
38,1,5
38,3,8
38,13,10
38,25,5
38,27,9
38,37,8
38,49,8
38,61,5
38,73,5
38,75,9
38,85,9
38,97,7
38,109,5
38,111,8
38,121,5
38,123,5
38,133,9
38,145,7
38,157,7
38,169,8
38,181,8
38,193,8
38,205,7
38,217,5
38,219,8
38,229,5
38,231,7
38,241,5
38,243,8
38,253,5
38,255,8
38,265,5
38,267,8
38,277,5
38,289,6
38,301,7
38,313,8
38,325,7
38,337,8
38,349,9
38,361,5
38,363,8
38,373,8
38,385,5
38,387,10
38,397,5
38,399,9
38,409,8
38,421,8
38,433,5
38,435,8
38,445,8
39,1,5
39,3,8
39,13,7
39,25,10
39,37,10
39,49,6
39,61,8
39,73,8
39,85,7
39,97,10
39,109,5
39,111,10
39,121,8
39,133,5
39,135,10
39,145,5
39,147,9
39,157,6
39,169,9
39,181,7
39,193,5
39,195,5
39,197,7
39,205,7
39,217,5
39,219,9
39,229,5
39,231,7
39,241,8
39,253,6
39,265,8
39,277,5
39,279,8
39,289,8
39,301,8
39,313,5
39,315,7
39,325,7
39,337,10
39,349,5
39,361,9
39,373,7
39,385,8
39,397,9
39,409,5
39,411,5
39,421,5
39,433,7
39,445,9
40,1,5
40,3,9
40,13,8
40,25,5
40,27,5
40,29,8
40,37,10
40,49,8
40,61,5
40,73,7
40,85,5
40,97,5
40,109,8
40,121,7
40,133,5
40,145,6
40,157,5
40,159,8
40,169,9
40,181,7
40,193,5
40,195,9
40,205,5
40,217,6
40,229,5
40,231,7
40,241,8
40,253,5
40,265,5
40,277,5
40,279,8
40,289,9
40,301,6
40,313,10
40,325,9
40,337,8
40,349,7
40,361,10
40,373,5
40,385,8
40,397,5
40,399,5
40,409,9
40,421,7
40,433,10
40,445,5
40,447,8
41,1,5
41,13,7
41,25,5
41,27,8
41,37,10
41,49,10
41,61,7
41,73,8
41,85,5
41,97,5
41,109,9
41,121,9
41,133,9
41,145,10
41,157,5
41,159,5
41,169,8
41,181,8
41,193,8
41,205,8
41,217,8
41,229,6
41,241,5
41,243,7
41,253,5
41,255,8
41,265,5
41,267,5
41,277,5
41,279,7
41,289,5
41,301,7
41,313,5
41,325,8
41,337,5
41,339,5
41,341,9
41,349,5
41,351,9
41,361,6
41,373,5
41,375,9
41,385,5
41,387,7
41,397,8
41,409,5
41,421,5
41,423,6
41,433,8
41,445,9
41,457,8
41,469,10
41,481,9
41,493,7
41,505,7
41,517,8
41,529,9
41,541,5
41,543,10
41,553,9
41,565,5
41,567,8
41,577,7
41,589,10
41,601,9
42,1,5
42,13,9
42,25,5
42,27,9
42,37,6
42,49,5
42,51,5
42,53,7
42,61,5
42,63,9
42,73,7
42,85,7
42,97,10
42,109,7
42,121,8
42,133,10
42,145,8
42,157,10
42,169,10
42,181,5
42,183,10
42,193,9
42,205,7
42,217,10
42,229,5
42,231,8
42,241,5
42,253,9
42,265,10
42,277,9
42,289,8
42,301,8
42,313,5
42,325,5
42,327,8
42,337,9
42,349,7
42,361,5
42,373,5
42,375,7
42,385,8
42,397,7
42,409,5
42,411,9
42,421,5
42,423,9
42,433,10
42,445,7
42,457,9
42,469,8
42,481,5
42,483,7
42,493,5
42,505,6
42,517,8
42,529,6
42,541,5
42,553,8
42,565,5
42,577,5
42,579,8
42,589,9
42,601,8
43,1,8
43,13,8
43,25,5
43,27,9
43,37,5
43,49,9
43,61,5
43,63,10
43,73,8
43,85,5
43,87,5
43,89,8
43,97,7
43,109,7
43,121,5
43,123,10
43,133,8
43,145,5
43,147,8
43,157,7
43,169,8
43,181,6
43,193,5
43,195,5
43,197,8
43,205,8
43,217,9
43,229,7
43,241,7
43,253,6
43,265,8
43,277,5
43,279,5
43,281,7
43,289,5
43,291,6
43,301,8
43,313,7
43,325,5
43,327,7
43,337,7
43,349,5
43,351,9
43,361,10
43,373,9
43,385,8
43,397,5
43,399,7
43,409,5
43,411,8
43,421,7
43,433,5
43,435,6
43,445,8
43,457,7
43,469,8
43,481,5
43,493,9
43,505,8
43,517,8
43,529,8
43,541,5
43,553,9
43,565,5
43,567,5
43,569,9
43,577,8
43,589,6
43,601,8
44,1,8
44,13,10
44,25,8
44,37,10
44,49,8
44,61,7
44,73,5
44,85,8
44,97,5
44,109,5
44,111,7
44,121,9
44,133,9
44,145,5
44,147,8
44,157,10
44,169,8
44,181,7
44,193,8
44,205,5
44,207,7
44,217,5
44,219,9
44,229,8
44,241,5
44,243,7
44,253,10
44,265,7
44,277,9
44,289,9
44,301,5
44,303,10
44,313,9
44,325,6
44,337,9
44,349,5
44,351,8
44,361,8
44,373,5
44,375,5
44,377,6
44,385,9
44,397,7
44,409,7
44,421,5
44,423,9
44,433,9
44,445,7
44,457,5
44,459,7
44,469,7
44,481,8
44,493,8
44,505,5
44,507,5
44,509,7
44,517,9
44,529,10
44,541,8
44,553,5
44,565,8
44,577,5
44,579,6
44,589,7
44,601,9
45,1,5
45,3,6
45,13,10
45,25,8
45,37,5
45,39,5
45,41,10
45,49,9
45,61,7
45,73,5
45,75,8
45,85,5
45,97,7
45,109,5
45,111,5
45,113,7
45,121,8
45,133,7
45,145,8
45,157,8
45,169,7
45,181,8
45,193,5
45,195,10
45,205,6
45,217,5
45,219,8
45,229,8
45,241,5
45,243,6
45,253,10
45,265,7
45,277,7
45,289,7
45,301,7
45,313,9
45,325,10
45,337,6
45,349,5
45,351,10
45,361,9
45,373,8
45,385,5
45,387,5
45,389,5
45,391,10
45,397,7
45,409,5
45,411,8
45,421,5
45,423,9
45,433,5
45,435,5
45,437,8
45,445,10
45,457,8
45,469,8
45,481,7
45,493,9
45,505,8
45,517,8
45,529,9
45,541,5
45,553,5
45,555,5
45,557,9
45,565,5
45,567,7
45,577,5
45,579,9
45,589,7
45,601,5
45,603,5
45,605,8
46,1,7
46,13,8
46,25,7
46,37,9
46,49,8
46,61,10
46,73,5
46,75,5
46,77,10
46,85,7
46,97,7
46,109,9
46,121,9
46,133,8
46,145,5
46,147,5
46,149,9
46,157,5
46,159,10
46,169,5
46,181,7
46,193,8
46,205,8
46,217,8
46,229,5
46,241,8
46,253,8
46,265,6
46,277,8
46,289,8
46,301,8
46,313,5
46,315,5
46,317,8
46,325,10
46,337,6
46,349,8
46,361,8
46,373,9
46,385,5
46,387,8
46,397,8
46,409,7
46,421,5
46,433,8
46,445,7
46,457,10
46,469,10
46,481,7
46,493,5
46,495,7
46,505,5
46,507,5
46,509,9
46,517,10
46,529,8
46,541,5
46,553,10
46,565,8
46,577,5
46,579,8
46,589,9
46,601,9
47,1,7
47,13,5
47,15,7
47,25,5
47,27,8
47,37,5
47,49,7
47,61,9
47,73,9
47,85,7
47,97,6
47,109,8
47,121,6
47,133,5
47,135,9
47,145,7
47,157,5
47,169,10
47,181,8
47,193,8
47,205,7
47,217,7
47,229,8
47,241,8
47,253,8
47,265,5
47,277,7
47,289,5
47,291,7
47,301,5
47,303,6
47,313,8
47,325,5
47,337,7
47,349,9
47,361,5
47,373,8
47,385,9
47,397,5
47,399,8
47,409,6
47,421,5
47,433,9
47,445,5
47,447,6
47,457,5
47,459,6
47,469,9
47,481,5
47,483,9
47,493,6
47,505,7
47,517,10
47,529,7
47,541,5
47,543,8
47,553,6
47,565,5
47,567,5
47,577,7
47,589,9
47,601,5
48,1,7
48,13,8
48,25,8
48,37,7
48,49,5
48,61,8
48,73,9
48,85,10
48,97,10
48,109,5
48,121,8
48,133,7
48,145,5
48,157,5
48,169,5
48,171,5
48,181,5
48,183,9
48,193,5
48,205,7
48,217,5
48,219,5
48,221,5
48,229,6
48,241,10
48,253,6
48,265,8
48,277,5
48,279,8
48,289,5
48,291,9
48,301,5
48,303,10
48,313,5
48,315,9
48,325,10
48,337,6
48,349,9
48,361,10
48,373,8
48,385,6
48,397,8
48,409,5
48,411,7
48,421,9
48,433,6
48,445,6
48,457,6
48,469,7
48,481,5
48,483,8
48,493,7
48,505,7
48,517,5
48,529,8
48,541,10
48,553,8
48,565,5
48,567,6
48,577,5
48,579,9
48,589,9
48,601,9
49,1,7
49,13,8
49,25,8
49,37,7
49,49,6
49,61,5
49,63,5
49,65,10
49,73,10
49,85,5
49,87,5
49,89,7
49,97,8
49,109,5
49,121,8
49,133,5
49,135,5
49,137,5
49,145,9
49,157,9
49,169,5
49,181,9
49,193,5
49,205,5
49,217,9
49,229,9
49,241,9
49,253,9
49,265,5
49,267,8
49,277,5
49,289,7
49,301,8
49,313,7
49,325,7
49,337,5
49,339,9
49,349,8
49,361,10
49,373,8
49,385,5
49,387,6
49,397,8
49,409,5
49,421,7
49,433,10
49,445,5
49,447,5
49,449,8
49,457,5
49,459,9
49,469,10
49,481,5
49,483,9
49,493,7
49,505,8
49,517,10
49,529,9
49,541,9
49,553,5
49,565,5
49,567,6
49,577,5
49,579,7
49,589,8
49,601,5
50,1,9
50,13,8
50,25,7
50,37,8
50,49,9
50,61,5
50,63,5
50,73,6
50,85,8
50,97,6
50,109,5
50,111,7
50,121,5
50,123,9
50,133,10
50,145,5
50,157,5
50,159,7
50,169,8
50,181,9
50,193,7
50,205,5
50,207,9
50,217,8
50,229,7
50,241,7
50,253,6
50,265,9
50,277,7
50,289,5
50,301,7
50,313,5
50,315,6
50,325,5
50,327,8
50,337,9
50,349,8
50,361,10
50,373,7
50,385,6
50,397,5
50,409,5
50,411,5
50,413,5
50,415,6
50,421,5
50,433,8
50,445,9
50,457,7
50,469,8
50,481,5
50,483,7
50,493,6
50,505,6
50,517,5
50,519,8
50,529,5
50,541,10
50,553,9
50,565,5
50,567,8
50,577,5
50,579,8
50,589,10
50,601,5
51,617,8
51,629,8
51,641,8
51,653,8
51,665,9
51,677,5
51,679,8
51,689,9
51,701,9
51,713,8
51,725,7
52,617,5
52,619,7
52,629,10
52,641,5
52,653,9
52,665,7
52,677,9
52,689,7
52,701,10
52,713,5
52,715,10
52,725,6
53,617,8
53,629,8
53,641,9
53,653,10
53,665,7
53,677,7
53,689,6
53,701,9
53,713,5
53,715,9
53,725,5
53,727,8
54,617,9
54,629,7
54,641,7
54,653,5
54,655,9
54,665,8
54,677,8
54,689,5
54,701,5
54,703,9
54,713,5
54,725,8
55,617,9
55,629,5
55,631,8
55,641,8
55,653,5
55,665,8
55,677,5
55,679,5
55,689,5
55,701,5
55,703,10
55,713,5
55,725,8
56,617,5
56,619,8
56,629,8
56,641,6
56,653,8
56,665,6
56,677,8
56,689,7
56,701,5
56,703,8
56,713,10
56,725,5
56,727,9
57,617,5
57,619,7
57,629,5
57,631,9
57,641,5
57,643,7
57,653,7
57,665,8
57,677,5
57,689,5
57,701,9
57,713,5
57,715,10
57,725,5
57,727,9
58,617,9
58,629,8
58,641,10
58,653,7
58,665,5
58,677,5
58,689,8
58,701,5
58,703,8
58,713,6
58,725,8
59,617,5
59,619,10
59,629,10
59,641,9
59,653,7
59,665,7
59,677,7
59,689,7
59,701,5
59,703,5
59,713,9
59,725,8
60,617,5
60,629,8
60,641,7
60,653,8
60,665,8
60,677,5
60,679,6
60,689,5
60,691,7
60,701,5
60,713,5
60,715,7
60,725,5
60,727,8
61,617,9
61,629,9
61,641,9
61,653,9
61,665,6
61,677,5
61,679,5
61,689,5
61,691,8
61,701,5
61,703,8
61,713,7
61,725,10
62,617,5
62,619,8
62,629,5
62,631,10
62,641,7
62,653,6
62,665,5
62,667,5
62,677,10
62,689,5
62,701,5
62,703,5
62,713,5
62,725,9
63,617,5
63,619,8
63,629,7
63,641,6
63,653,7
63,665,10
63,677,5
63,679,6
63,689,5
63,691,8
63,701,5
63,703,7
63,713,8
63,725,10
64,617,5
64,619,5
64,629,7
64,641,8
64,653,7
64,665,9
64,677,9
64,689,8
64,701,5
64,703,8
64,713,10
64,725,8
65,617,8
65,629,9
65,641,8
65,653,5
65,665,9
65,677,5
65,679,8
65,689,7
65,701,8
65,713,8
65,725,9
66,613,8
66,625,8
66,637,5
66,639,8
66,649,5
66,651,8
66,661,9
66,673,8
66,685,8
66,697,8
66,709,7
66,721,7
66,733,8
66,745,8
66,757,5
66,759,7
66,769,5
66,771,10
66,781,10
66,793,9
66,805,5
66,807,8
66,817,5
66,819,10
67,613,5
67,615,7
67,625,7
67,637,6
67,649,8
67,661,7
67,673,9
67,685,7
67,697,9
67,709,9
67,721,10
67,733,5
67,745,8
67,757,10
67,769,9
67,781,5
67,783,9
67,793,5
67,795,8
67,805,7
67,817,8
68,613,9
68,625,7
68,637,6
68,649,5
68,651,7
68,661,8
68,673,8
68,685,5
68,697,8
68,709,9
68,721,5
68,733,7
68,745,8
68,757,5
68,759,10
68,769,8
68,781,5
68,783,5
68,793,6
68,805,7
68,817,5
69,613,9
69,625,7
69,637,5
69,649,7
69,661,8
69,673,8
69,685,9
69,697,5
69,699,6
69,709,7
69,721,6
69,733,9
69,745,5
69,747,5
69,757,6
69,769,9
69,781,5
69,783,9
69,793,8
69,805,5
69,807,8
69,817,5
70,613,7
70,625,7
70,637,8
70,649,5
70,651,5
70,653,9
70,661,6
70,673,9
70,685,6
70,697,7
70,709,8
70,721,5
70,723,9
70,733,8
70,745,5
70,747,7
70,757,5
70,759,9
70,769,8
70,781,5
70,783,5
70,785,9
70,793,9
70,805,5
70,807,8
70,817,5
70,819,6
71,613,8
71,625,5
71,627,5
71,629,8
71,637,5
71,639,5
71,641,7
71,649,8
71,661,5
71,673,5
71,675,6
71,685,5
71,697,7
71,709,7
71,721,7
71,733,8
71,745,5
71,757,6
71,769,8
71,781,5
71,793,5
71,805,9
71,817,5
71,819,9
72,613,6
72,625,9
72,637,5
72,649,8
72,661,9
72,673,5
72,675,9
72,685,9
72,697,7
72,709,6
72,721,7
72,733,5
72,735,8
72,745,5
72,747,7
72,757,9
72,769,5
72,771,9
72,781,9
72,793,5
72,795,5
72,797,9
72,805,5
72,807,7
72,817,9
73,613,9
73,625,8
73,637,8
73,649,8
73,661,7
73,673,9
73,685,5
73,687,9
73,697,5
73,709,6
73,721,5
73,723,8
73,733,5
73,735,7
73,745,7
73,757,7
73,769,7
73,781,5
73,783,5
73,793,8
73,805,10
73,817,9
74,613,5
74,615,9
74,625,5
74,627,8
74,637,7
74,649,5
74,651,5
74,653,5
74,655,8
74,661,8
74,673,8
74,685,9
74,697,5
74,709,9
74,721,9
74,733,8
74,745,5
74,747,10
74,757,8
74,769,5
74,781,5
74,793,6
74,805,9
74,817,8
75,613,7
75,625,7
75,637,5
75,639,8
75,649,5
75,651,8
75,661,5
75,663,7
75,673,9
75,685,8
75,697,8
75,709,9
75,721,7
75,733,8
75,745,8
75,757,9
75,769,8
75,781,7
75,793,8
75,805,8
75,817,8
76,613,5
76,625,5
76,637,7
76,649,5
76,651,9
76,661,7
76,673,8
76,685,5
76,687,5
76,697,6
76,709,7
76,721,5
76,723,8
76,733,5
76,735,8
76,745,7
76,757,5
76,759,8
76,769,7
76,781,8
76,793,6
76,805,8
76,817,5
76,819,8
77,613,8
77,625,8
77,637,5
77,639,9
77,649,5
77,651,5
77,661,5
77,663,9
77,673,9
77,685,10
77,697,5
77,699,8
77,709,8
77,721,8
77,733,9
77,745,5
77,747,6
77,757,9
77,769,7
77,781,8
77,793,9
77,805,6
77,817,8
78,613,5
78,615,7
78,625,6
78,637,10
78,649,6
78,661,9
78,673,10
78,685,5
78,687,10
78,697,9
78,709,8
78,721,9
78,733,9
78,745,8
78,757,5
78,759,8
78,769,7
78,781,9
78,793,8
78,805,5
78,817,9
79,613,9
79,625,5
79,627,10
79,637,6
79,649,5
79,661,5
79,673,5
79,675,7
79,685,5
79,687,5
79,689,7
79,697,7
79,709,8
79,721,5
79,723,5
79,733,8
79,745,10
79,757,9
79,769,8
79,781,6
79,793,5
79,795,9
79,805,5
79,817,8
79,829,5
79,831,5
79,841,10
79,853,5
79,855,9
79,865,5
79,867,6
79,877,8
79,889,7
79,901,9
79,913,5
79,925,7
79,937,7
79,949,9
79,961,8
79,973,10
79,985,6
79,997,7
79,1009,5
79,1021,5
79,1023,5
79,1033,7
79,1045,7
79,1057,10
79,1069,5
79,1071,5
79,1081,8
79,1093,7
79,1105,9
79,1117,5
79,1119,9
79,1129,5
79,1131,5
79,1133,8
80,613,5
80,615,5
80,617,7
80,625,5
80,627,10
80,637,10
80,649,5
80,651,6
80,661,5
80,673,7
80,685,7
80,697,6
80,709,9
80,721,5
80,723,8
80,733,9
80,745,8
80,757,9
80,769,5
80,781,10
80,793,6
80,805,10
80,817,5
80,819,8
80,829,5
80,841,8
80,853,8
80,865,8
80,877,7
80,889,9
80,901,8
80,913,7
80,925,5
80,927,9
80,937,5
80,939,9
80,949,5
80,951,8
80,961,9
80,973,5
80,975,8
80,985,5
80,997,7
80,1009,8
80,1021,7
80,1033,6
80,1045,5
80,1057,5
80,1059,9
80,1069,6
80,1081,6
80,1093,5
80,1105,8
80,1117,7
80,1129,5
80,1131,7
81,613,5
81,625,8
81,637,8
81,649,5
81,651,6
81,661,8
81,673,9
81,685,7
81,697,6
81,709,7
81,721,8
81,733,6
81,745,5
81,747,8
81,757,9
81,769,7
81,781,8
81,793,9
81,805,7
81,817,5
81,819,9
81,829,8
81,841,6
81,853,7
81,865,7
81,877,8
81,889,7
81,901,5
81,903,9
81,913,5
81,915,8
81,925,5
81,937,5
81,939,5
81,941,10
81,949,5
81,951,6
81,961,5
81,963,8
81,973,8
81,985,8
81,997,5
81,1009,7
81,1021,5
81,1033,7
81,1045,8
81,1057,7
81,1069,5
81,1071,8
81,1081,8
81,1093,7
81,1105,9
81,1117,5
81,1119,8
81,1129,8
82,613,5
82,625,8
82,637,5
82,639,6
82,649,9
82,661,5
82,663,8
82,673,5
82,675,5
82,677,7
82,685,5
82,697,7
82,709,7
82,721,8
82,733,8
82,745,5
82,747,10
82,757,5
82,769,8
82,781,9
82,793,9
82,805,5
82,817,6
82,829,7
82,841,8
82,853,5
82,855,8
82,865,5
82,877,8
82,889,9
82,901,5
82,903,7
82,913,8
82,925,8
82,937,5
82,939,7
82,949,8
82,961,7
82,973,8
82,985,8
82,997,9
82,1009,7
82,1021,5
82,1023,7
82,1033,8
82,1045,8
82,1057,8
82,1069,8
82,1081,6
82,1093,9
82,1105,9
82,1117,10
82,1129,7
83,613,7
83,625,5
83,627,5
83,629,8
83,637,9
83,649,7
83,661,8
83,673,8
83,685,5
83,697,8
83,709,7
83,721,7
83,733,8
83,745,7
83,757,9
83,769,7
83,781,8
83,793,7
83,805,5
83,807,7
83,817,8
83,829,8
83,841,8
83,853,8
83,865,9
83,877,5
83,879,9
83,889,8
83,901,5
83,903,5
83,905,8
83,913,8
83,925,9
83,937,8
83,949,7
83,961,10
83,973,6
83,985,5
83,987,8
83,997,7
83,1009,9
83,1021,9
83,1033,7
83,1045,8
83,1057,9
83,1069,6
83,1081,6
83,1093,8
83,1105,8
83,1117,10
83,1129,9
84,613,9
84,625,7
84,637,9
84,649,8
84,661,9
84,673,6
84,685,5
84,687,7
84,697,5
84,699,5
84,701,7
84,709,7
84,721,5
84,723,8
84,733,5
84,735,10
84,745,5
84,747,5
84,749,10
84,757,7
84,769,7
84,781,9
84,793,5
84,795,9
84,805,8
84,817,7
84,829,5
84,831,8
84,841,5
84,853,7
84,865,5
84,867,7
84,877,5
84,879,9
84,889,7
84,901,5
84,903,10
84,913,5
84,915,8
84,925,7
84,937,8
84,949,7
84,961,5
84,963,9
84,973,5
84,975,9
84,985,5
84,987,8
84,997,6
84,1009,10
84,1021,9
84,1033,8
84,1045,9
84,1057,10
84,1069,8
84,1081,9
84,1093,5
84,1095,10
84,1105,5
84,1107,5
84,1117,5
84,1129,5
84,1131,10
85,613,5
85,615,8
85,625,7
85,637,5
85,649,10
85,661,7
85,673,6
85,685,9
85,697,8
85,709,8
85,721,9
85,733,9
85,745,7
85,757,9
85,769,9
85,781,5
85,783,8
85,793,7
85,805,5
85,807,6
85,817,8
85,829,5
85,831,6
85,841,9
85,853,6
85,865,5
85,867,8
85,877,8
85,889,6
85,901,5
85,903,8
85,913,5
85,925,5
85,937,8
85,949,7
85,961,8
85,973,10
85,985,5
85,987,5
85,989,8
85,997,7
85,1009,8
85,1021,8
85,1033,8
85,1045,5
85,1047,7
85,1057,5
85,1059,8
85,1069,6
85,1081,7
85,1093,8
85,1105,7
85,1117,8
85,1129,7
86,613,9
86,625,7
86,637,5
86,639,5
86,649,6
86,661,7
86,673,8
86,685,8
86,697,5
86,699,10
86,709,9
86,721,7
86,733,9
86,745,10
86,757,5
86,759,5
86,761,8
86,769,9
86,781,7
86,793,6
86,805,7
86,817,8
86,829,5
86,831,6
86,841,5
86,843,7
86,853,8
86,865,7
86,877,8
86,889,5
86,891,9
86,901,6
86,913,5
86,915,8
86,925,5
86,937,9
86,949,9
86,961,5
86,963,8
86,973,5
86,975,5
86,977,6
86,985,5
86,987,9
86,997,8
86,1009,5
86,1011,9
86,1021,8
86,1033,8
86,1045,8
86,1057,5
86,1059,9
86,1069,9
86,1081,5
86,1083,10
86,1093,8
86,1105,7
86,1117,8
86,1129,5
87,613,5
87,615,5
87,625,5
87,637,9
87,649,9
87,661,9
87,673,7
87,685,5
87,697,8
87,709,9
87,721,7
87,733,5
87,745,5
87,747,7
87,757,9
87,769,5
87,771,7
87,781,5
87,783,9
87,793,5
87,805,9
87,817,7
87,829,8
87,841,5
87,843,9
87,853,9
87,865,8
87,877,5
87,879,7
87,889,8
87,901,8
87,913,7
87,925,8
87,937,8
87,949,7
87,961,5
87,963,5
87,973,6
87,985,5
87,987,10
87,997,6
87,1009,10
87,1021,5
87,1023,7
87,1033,6
87,1045,5
87,1047,9
87,1057,7
87,1069,5
87,1071,9
87,1081,5
87,1093,5
87,1095,8
87,1105,5
87,1107,10
87,1117,5
87,1129,8
88,613,5
88,615,8
88,625,5
88,627,6
88,637,7
88,649,8
88,661,6
88,673,9
88,685,8
88,697,5
88,699,5
88,701,8
88,709,9
88,721,8
88,733,5
88,735,8
88,745,8
88,757,8
88,769,7
88,781,8
88,793,10
88,805,7
88,817,7
88,829,8
88,841,9
88,853,8
88,865,5
88,867,5
88,869,7
88,877,5
88,889,5
88,891,7
88,901,7
88,913,8
88,925,6
88,937,9
88,949,9
88,961,9
88,973,7
88,985,5
88,987,5
88,997,10
88,1009,7
88,1021,7
88,1033,7
88,1045,9
88,1057,8
88,1069,6
88,1081,9
88,1093,5
88,1095,5
88,1097,10
88,1105,5
88,1117,10
88,1129,7
89,613,5
89,615,7
89,625,9
89,637,8
89,649,5
89,651,9
89,661,7
89,673,5
89,685,5
89,687,7
89,697,5
89,699,5
89,701,7
89,709,8
89,721,8
89,733,8
89,745,5
89,747,7
89,757,5
89,759,8
89,769,5
89,771,5
89,773,8
89,781,8
89,793,9
89,805,5
89,807,8
89,817,7
89,829,8
89,841,5
89,843,9
89,853,9
89,865,8
89,877,9
89,889,5
89,901,5
89,903,8
89,913,5
89,915,5
89,925,8
89,937,5
89,939,9
89,949,8
89,961,7
89,973,5
89,975,10
89,985,7
89,997,6
89,1009,5
89,1011,8
89,1021,5
89,1023,8
89,1033,8
89,1045,6
89,1057,9
89,1069,10
89,1081,8
89,1093,9
89,1105,5
89,1107,7
89,1117,5
89,1119,9
89,1129,7
90,613,7
90,625,5
90,627,9
90,637,8
90,649,7
90,661,8
90,673,10
90,685,8
90,697,9
90,709,5
90,711,5
90,713,5
90,721,9
90,733,10
90,745,9
90,757,5
90,759,7
90,769,5
90,771,10
90,781,6
90,793,8
90,805,7
90,817,7
90,829,9
90,841,5
90,843,6
90,853,8
90,865,8
90,877,8
90,889,9
90,901,5
90,903,8
90,913,9
90,925,10
90,937,8
90,949,7
90,961,5
90,963,9
90,973,8
90,985,7
90,997,5
90,999,7
90,1009,5
90,1011,5
90,1013,8
90,1021,8
90,1033,5
90,1035,10
90,1045,9
90,1057,5
90,1059,7
90,1069,7
90,1081,10
90,1093,5
90,1095,8
90,1105,5
90,1107,10
90,1117,5
90,1119,5
90,1121,9
90,1129,5
90,1131,8
91,613,10
91,625,6
91,637,7
91,649,8
91,661,5
91,663,5
91,665,7
91,673,8
91,685,8
91,697,5
91,709,8
91,721,5
91,723,9
91,733,5
91,735,8
91,745,5
91,747,9
91,757,5
91,769,9
91,781,9
91,793,5
91,795,10
91,805,8
91,817,5
91,829,5
91,831,7
91,841,10
91,853,5
91,855,5
91,857,7
91,865,5
91,867,8
91,877,5
91,889,8
91,901,6
91,913,5
91,915,5
91,925,9
91,937,5
91,939,6
91,949,5
91,951,5
91,961,5
91,963,5
91,965,9
91,973,5
91,985,7
91,997,10
91,1009,7
91,1021,5
91,1023,8
91,1033,6
91,1045,5
91,1057,8
91,1069,7
91,1081,5
91,1083,8
91,1093,5
91,1095,10
91,1105,5
91,1107,7
91,1117,7
91,1129,5
91,1131,8
91,1141,5
91,1153,7
91,1165,8
91,1177,9
91,1189,5
91,1191,7
91,1201,5
91,1203,7
91,1213,7
91,1225,5
91,1237,5
91,1239,6
91,1249,5
91,1251,8
91,1261,7
91,1273,5
91,1275,5
91,1285,7
91,1297,8
91,1309,5
91,1311,10
91,1321,5
91,1323,9
92,613,9
92,625,5
92,637,5
92,649,5
92,651,10
92,661,5
92,673,9
92,685,5
92,687,8
92,697,9
92,709,5
92,711,5
92,713,10
92,721,7
92,733,5
92,735,7
92,745,6
92,757,5
92,759,5
92,761,9
92,769,8
92,781,9
92,793,5
92,795,8
92,805,7
92,817,5
92,819,9
92,829,8
92,841,9
92,853,5
92,865,5
92,867,10
92,877,9
92,889,9
92,901,5
92,903,5
92,905,8
92,913,7
92,925,9
92,937,5
92,949,7
92,961,9
92,973,5
92,985,7
92,997,5
92,999,8
92,1009,7
92,1021,8
92,1033,5
92,1035,8
92,1045,10
92,1057,5
92,1059,5
92,1061,8
92,1069,5
92,1071,7
92,1081,9
92,1093,5
92,1095,5
92,1097,10
92,1105,6
92,1117,9
92,1129,5
92,1131,10
92,1141,7
92,1153,8
92,1165,5
92,1167,5
92,1169,8
92,1177,6
92,1189,8
92,1201,5
92,1213,5
92,1225,5
92,1227,7
92,1237,8
92,1249,7
92,1261,7
92,1273,5
92,1275,8
92,1285,5
92,1287,7
92,1297,8
92,1309,9
92,1321,5
93,613,9
93,625,8
93,637,5
93,639,8
93,649,9
93,661,7
93,673,5
93,675,9
93,685,5
93,687,8
93,697,5
93,709,7
93,721,5
93,733,5
93,735,10
93,745,5
93,747,8
93,757,8
93,769,8
93,781,5
93,783,7
93,793,8
93,805,5
93,817,6
93,829,7
93,841,6
93,853,7
93,865,5
93,867,7
93,877,5
93,879,9
93,889,9
93,901,6
93,913,6
93,925,7
93,937,7
93,949,5
93,961,5
93,963,8
93,973,6
93,985,10
93,997,7
93,1009,9
93,1021,8
93,1033,6
93,1045,9
93,1057,5
93,1059,8
93,1069,7
93,1081,5
93,1083,10
93,1093,5
93,1095,5
93,1097,9
93,1105,8
93,1117,10
93,1129,8
93,1141,9
93,1153,7
93,1165,10
93,1177,5
93,1179,5
93,1189,10
93,1201,6
93,1213,5
93,1215,5
93,1225,5
93,1227,8
93,1237,8
93,1249,5
93,1251,7
93,1261,10
93,1273,5
93,1275,7
93,1285,5
93,1287,7
93,1297,8
93,1309,7
93,1321,5
93,1323,9
94,613,5
94,625,8
94,637,9
94,649,8
94,661,8
94,673,5
94,675,8
94,685,5
94,687,9
94,697,5
94,699,9
94,709,10
94,721,8
94,733,8
94,745,7
94,757,8
94,769,7
94,781,5
94,783,7
94,793,8
94,805,6
94,817,8
94,829,9
94,841,8
94,853,10
94,865,5
94,877,5
94,879,8
94,889,9
94,901,5
94,903,5
94,913,8
94,925,5
94,927,6
94,937,8
94,949,6
94,961,5
94,963,5
94,965,9
94,973,5
94,985,8
94,997,5
94,1009,9
94,1021,8
94,1033,7
94,1045,5
94,1057,7
94,1069,10
94,1081,7
94,1093,7
94,1105,5
94,1117,9
94,1129,8
94,1141,8
94,1153,8
94,1165,5
94,1167,9
94,1177,5
94,1179,9
94,1189,5
94,1191,5
94,1201,5
94,1213,5
94,1215,8
94,1225,8
94,1237,5
94,1239,5
94,1241,5
94,1249,6
94,1261,8
94,1273,8
94,1285,5
94,1287,5
94,1289,9
94,1297,5
94,1309,6
94,1321,7
95,613,8
95,625,5
95,627,5
95,637,8
95,649,5
95,651,5
95,653,5
95,661,5
95,663,7
95,673,8
95,685,5
95,687,5
95,689,10
95,697,5
95,699,8
95,709,5
95,721,7
95,733,8
95,745,5
95,747,8
95,757,8
95,769,6
95,781,8
95,793,5
95,795,9
95,805,9
95,817,8
95,829,7
95,841,8
95,853,5
95,855,8
95,865,8
95,877,5
95,879,9
95,889,9
95,901,6
95,913,9
95,925,6
95,937,8
95,949,5
95,951,5
95,953,8
95,961,5
95,963,7
95,973,5
95,975,9
95,985,5
95,987,8
95,997,8
95,1009,8
95,1021,8
95,1033,5
95,1045,5
95,1047,5
95,1049,10
95,1057,7
95,1069,10
95,1081,10
95,1093,8
95,1105,5
95,1107,8
95,1117,7
95,1129,8
95,1141,8
95,1153,5
95,1155,7
95,1165,5
95,1167,9
95,1177,10
95,1189,5
95,1191,5
95,1193,8
95,1201,5
95,1203,8
95,1213,7
95,1225,9
95,1237,8
95,1249,6
95,1261,7
95,1273,7
95,1285,9
95,1297,8
95,1309,5
95,1321,5
96,613,6
96,625,5
96,637,5
96,639,8
96,649,7
96,661,9
96,673,8
96,685,7
96,697,5
96,709,9
96,721,8
96,733,5
96,735,5
96,737,7
96,745,10
96,757,7
96,769,5
96,781,5
96,793,5
96,795,9
96,805,10
96,817,8
96,829,9
96,841,5
96,843,8
96,853,5
96,855,8
96,865,10
96,877,8
96,889,5
96,891,7
96,901,5
96,913,7
96,925,8
96,937,5
96,939,5
96,941,6
96,949,6
96,961,8
96,973,10
96,985,9
96,997,9
96,1009,9
96,1021,5
96,1023,9
96,1033,5
96,1035,9
96,1045,9
96,1057,5
96,1059,6
96,1069,9
96,1081,9
96,1093,5
96,1095,7
96,1105,5
96,1107,7
96,1117,7
96,1129,5
96,1131,9
96,1141,5
96,1143,6
96,1153,5
96,1165,9
96,1177,5
96,1179,8
96,1189,8
96,1201,5
96,1203,8
96,1213,9
96,1225,5
96,1227,8
96,1237,7
96,1249,5
96,1251,5
96,1253,7
96,1261,8
96,1273,9
96,1285,8
96,1297,5
96,1299,8
96,1309,9
96,1321,5
96,1323,7
97,613,7
97,625,5
97,627,7
97,637,9
97,649,8
97,661,9
97,673,7
97,685,9
97,697,5
97,699,6
97,709,5
97,711,5
97,721,8
97,733,5
97,735,8
97,745,7
97,757,7
97,769,5
97,771,8
97,781,9
97,793,5
97,795,6
97,805,5
97,807,7
97,817,9
97,829,10
97,841,7
97,853,5
97,855,8
97,865,10
97,877,5
97,889,5
97,891,7
97,901,5
97,903,10
97,913,8
97,925,9
97,937,8
97,949,6
97,961,9
97,973,7
97,985,5
97,987,7
97,997,9
97,1009,5
97,1011,5
97,1013,8
97,1021,7
97,1033,5
97,1045,10
97,1057,10
97,1069,7
97,1081,5
97,1083,7
97,1093,9
97,1105,7
97,1117,7
97,1129,6
97,1141,5
97,1153,8
97,1165,5
97,1167,7
97,1177,5
97,1179,6
97,1189,6
97,1201,8
97,1213,5
97,1215,5
97,1225,5
97,1237,5
97,1249,8
97,1261,6
97,1273,8
97,1285,5
97,1287,8
97,1297,5
97,1299,8
97,1309,10
97,1321,6
98,613,8
98,625,5
98,637,8
98,649,7
98,661,10
98,673,8
98,685,6
98,697,5
98,699,9
98,709,8
98,721,7
98,733,5
98,735,5
98,737,10
98,745,7
98,757,9
98,769,5
98,781,5
98,793,6
98,805,5
98,807,8
98,817,8
98,829,5
98,841,5
98,853,8
98,865,5
98,867,7
98,877,9
98,889,7
98,901,8
98,913,10
98,925,7
98,937,9
98,949,5
98,951,5
98,953,7
98,961,5
98,963,8
98,973,9
98,985,7
98,997,5
98,999,8
98,1009,7
98,1021,5
98,1033,5
98,1035,5
98,1037,9
98,1045,5
98,1057,9
98,1069,5
98,1081,8
98,1093,7
98,1105,5
98,1117,7
98,1129,7
98,1141,5
98,1153,8
98,1165,10
98,1177,8
98,1189,7
98,1201,5
98,1213,9
98,1225,5
98,1227,9
98,1237,9
98,1249,5
98,1251,7
98,1261,8
98,1273,9
98,1285,7
98,1297,7
98,1309,5
98,1321,8
99,613,6
99,625,5
99,637,9
99,649,9
99,661,5
99,663,8
99,673,9
99,685,5
99,687,7
99,697,6
99,709,8
99,721,8
99,733,7
99,745,9
99,757,5
99,769,6
99,781,8
99,793,8
99,805,10
99,817,7
99,829,10
99,841,5
99,843,9
99,853,5
99,855,7
99,865,8
99,877,6
99,889,7
99,901,5
99,903,6
99,913,10
99,925,7
99,937,5
99,949,7
99,961,8
99,973,5
99,975,8
99,985,8
99,997,7
99,1009,5
99,1011,9
99,1021,8
99,1033,9
99,1045,7
99,1057,7
99,1069,5
99,1081,9
99,1093,8
99,1105,5
99,1107,7
99,1117,8
99,1129,5
99,1141,5
99,1143,7
99,1153,10
99,1165,5
99,1167,5
99,1169,7
99,1177,5
99,1189,7
99,1201,5
99,1213,5
99,1225,5
99,1227,5
99,1229,5
99,1231,6
99,1237,6
99,1249,8
99,1261,8
99,1273,8
99,1285,7
99,1297,5
99,1299,8
99,1309,7
99,1321,5
99,1323,6
100,613,5
100,615,5
100,617,8
100,625,7
100,637,8
100,649,7
100,661,5
100,663,10
100,673,9
100,685,9
100,697,8
100,709,5
100,711,8
100,721,8
100,733,10
100,745,8
100,757,8
100,769,7
100,781,8
100,793,7
100,805,8
100,817,9
100,829,5
100,841,8
100,853,5
100,865,7
100,877,10
100,889,5
100,891,10
100,901,9
100,913,7
100,925,8
100,937,10
100,949,7
100,961,6
100,973,5
100,985,9
100,997,5
100,999,9
100,1009,9
100,1021,10
100,1033,5
100,1035,9
100,1045,8
100,1057,5
100,1059,10
100,1069,7
100,1081,9
100,1093,9
100,1105,7
100,1117,9
100,1129,9
100,1141,7
100,1153,7
100,1165,5
100,1167,5
100,1177,8
100,1189,5
100,1191,5
100,1201,5
100,1203,5
100,1213,8
100,1225,5
100,1237,8
100,1249,5
100,1251,10
100,1261,5
100,1273,5
100,1275,5
100,1277,9
100,1285,5
100,1287,7
100,1297,10
100,1309,8
100,1321,7
101,1337,7
101,1349,5
101,1351,5
101,1353,5
101,1355,8
101,1361,5
101,1363,9
101,1373,7
101,1385,7
101,1397,8
101,1409,7
101,1421,9
101,1433,8
101,1445,8
102,1337,8
102,1349,5
102,1351,9
102,1361,9
102,1373,5
102,1375,5
102,1377,8
102,1385,8
102,1397,6
102,1409,7
102,1421,6
102,1433,8
102,1445,8
103,1337,5
103,1339,8
103,1349,5
103,1351,6
103,1361,10
103,1373,7
103,1385,8
103,1397,9
103,1409,5
103,1411,9
103,1421,5
103,1423,7
103,1433,8
103,1445,8
104,1337,5
104,1339,8
104,1349,5
104,1351,9
104,1361,7
104,1373,5
104,1375,8
104,1385,8
104,1397,7
104,1409,8
104,1421,5
104,1423,5
104,1425,7
104,1433,8
104,1445,5
104,1447,9
105,1337,5
105,1339,9
105,1349,9
105,1361,7
105,1373,7
105,1385,5
105,1397,5
105,1409,8
105,1421,5
105,1423,7
105,1433,6
105,1445,8
106,1337,9
106,1349,8
106,1361,5
106,1363,6
106,1373,7
106,1385,7
106,1397,5
106,1409,8
106,1421,10
106,1433,5
106,1445,9
107,1337,8
107,1349,8
107,1361,5
107,1373,8
107,1385,8
107,1397,10
107,1409,6
107,1421,9
107,1433,6
107,1445,7
108,1337,5
108,1339,10
108,1349,5
108,1351,9
108,1361,7
108,1373,10
108,1385,8
108,1397,5
108,1409,5
108,1411,10
108,1421,9
108,1433,6
108,1445,5
108,1447,5
108,1449,7
109,1337,5
109,1349,7
109,1361,6
109,1373,8
109,1385,5
109,1397,8
109,1409,7
109,1421,7
109,1433,9
109,1445,8
110,1337,8
110,1349,8
110,1361,8
110,1373,5
110,1375,5
110,1377,9
110,1385,5
110,1387,10
110,1397,8
110,1409,10
110,1421,7
110,1433,9
110,1445,8
111,1337,6
111,1349,5
111,1351,5
111,1361,9
111,1373,5
111,1375,8
111,1385,9
111,1397,7
111,1409,5
111,1411,8
111,1421,7
111,1433,5
111,1435,8
111,1445,8
112,1337,5
112,1349,5
112,1361,8
112,1373,5
112,1375,7
112,1385,10
112,1397,5
112,1399,7
112,1409,6
112,1421,9
112,1433,5
112,1435,5
112,1437,9
112,1445,8
113,1337,10
113,1349,8
113,1361,7
113,1373,5
113,1375,9
113,1385,9
113,1397,9
113,1409,7
113,1421,7
113,1433,10
113,1445,7
114,1337,9
114,1349,5
114,1351,7
114,1361,7
114,1373,5
114,1375,5
114,1377,9
114,1385,5
114,1387,9
114,1397,7
114,1409,5
114,1411,5
114,1413,5
114,1421,7
114,1433,5
114,1445,9
115,1337,7
115,1349,5
115,1351,8
115,1361,8
115,1373,5
115,1375,9
115,1385,5
115,1387,7
115,1397,10
115,1409,5
115,1411,5
115,1421,9
115,1433,7
115,1445,10
116,1333,5
116,1335,8
116,1345,5
116,1347,7
116,1357,5
116,1369,9
116,1381,7
116,1393,9
116,1405,8
116,1417,10
116,1429,8
116,1441,5
116,1443,5
116,1445,6
116,1453,8
116,1465,9
116,1477,5
116,1479,8
116,1489,7
116,1501,7
116,1513,7
116,1525,5
116,1527,6
116,1537,5
116,1539,9
117,1333,7
117,1345,8
117,1357,8
117,1369,7
117,1381,5
117,1383,6
117,1393,9
117,1405,6
117,1417,9
117,1429,9
117,1441,6
117,1453,5
117,1465,7
117,1477,6
117,1489,8
117,1501,7
117,1513,9
117,1525,7
117,1537,8
118,1333,7
118,1345,7
118,1357,8
118,1369,8
118,1381,5
118,1393,9
118,1405,8
118,1417,5
118,1419,8
118,1429,5
118,1441,7
118,1453,8
118,1465,5
118,1477,5
118,1489,7
118,1501,10
118,1513,5
118,1515,9
118,1525,5
118,1527,7
118,1537,5
118,1539,5
118,1541,7
119,1333,10
119,1345,8
119,1357,5
119,1359,9
119,1369,5
119,1371,10
119,1381,5
119,1383,8
119,1393,5
119,1405,7
119,1417,10
119,1429,6
119,1441,7
119,1453,5
119,1455,5
119,1457,9
119,1465,7
119,1477,8
119,1489,6
119,1501,8
119,1513,8
119,1525,9
119,1537,5
119,1539,9
120,1333,5
120,1335,9
120,1345,9
120,1357,7
120,1369,7
120,1381,7
120,1393,7
120,1405,9
120,1417,5
120,1429,9
120,1441,9
120,1453,7
120,1465,8
120,1477,8
120,1489,8
120,1501,8
120,1513,10
120,1525,7
120,1537,5
121,1333,9
121,1345,8
121,1357,10
121,1369,5
121,1371,9
121,1381,5
121,1383,5
121,1385,10
121,1393,9
121,1405,8
121,1417,5
121,1419,5
121,1421,9
121,1429,5
121,1431,8
121,1441,5
121,1443,6
121,1453,5
121,1455,6
121,1465,7
121,1477,8
121,1489,9
121,1501,8
121,1513,5
121,1515,10
121,1525,8
121,1537,7
122,1333,5
122,1335,8
122,1345,8
122,1357,7
122,1369,5
122,1371,5
122,1381,8
122,1393,8
122,1405,8
122,1417,8
122,1429,5
122,1431,5
122,1433,6
122,1441,5
122,1443,5
122,1445,7
122,1453,8
122,1465,6
122,1477,8
122,1489,10
122,1501,5
122,1503,6
122,1513,6
122,1525,8
122,1537,5
122,1539,10
123,1333,9
123,1345,5
123,1357,5
123,1359,7
123,1369,5
123,1371,7
123,1381,8
123,1393,7
123,1405,10
123,1417,6
123,1429,5
123,1441,9
123,1453,8
123,1465,7
123,1477,10
123,1489,7
123,1501,7
123,1513,8
123,1525,10
123,1537,10
124,1333,5
124,1335,9
124,1345,7
124,1357,8
124,1369,5
124,1371,5
124,1381,8
124,1393,6
124,1405,8
124,1417,7
124,1429,8
124,1441,6
124,1453,5
124,1455,10
124,1465,8
124,1477,5
124,1479,7
124,1489,8
124,1501,10
124,1513,5
124,1515,7
124,1525,5
124,1527,9
124,1537,9
125,1333,7
125,1345,7
125,1357,5
125,1359,9
125,1369,7
125,1381,8
125,1393,5
125,1395,5
125,1405,5
125,1417,8
125,1429,9
125,1441,9
125,1453,7
125,1465,8
125,1477,8
125,1489,9
125,1501,8
125,1513,5
125,1515,6
125,1525,10
125,1537,5
125,1539,9
126,1333,8
126,1345,5
126,1347,8
126,1357,9
126,1369,8
126,1381,5
126,1393,8
126,1405,5
126,1407,9
126,1417,8
126,1429,7
126,1441,9
126,1453,5
126,1455,7
126,1465,9
126,1477,5
126,1479,9
126,1489,9
126,1501,8
126,1513,6
126,1525,7
126,1537,5
126,1539,6
127,1333,5
127,1335,8
127,1345,7
127,1357,8
127,1369,5
127,1371,6
127,1381,6
127,1393,5
127,1395,7
127,1405,10
127,1417,5
127,1419,9
127,1429,5
127,1431,5
127,1441,8
127,1453,6
127,1465,8
127,1477,5
127,1479,10
127,1489,5
127,1491,8
127,1501,8
127,1513,5
127,1515,8
127,1525,8
127,1537,5
127,1539,6
128,1333,7
128,1345,8
128,1357,5
128,1359,7
128,1369,5
128,1381,7
128,1393,8
128,1405,5
128,1407,10
128,1417,5
128,1419,8
128,1429,9
128,1441,8
128,1453,5
128,1465,5
128,1467,5
128,1477,7
128,1489,8
128,1501,10
128,1513,10
128,1525,8
128,1537,8
129,1333,7
129,1345,8
129,1357,8
129,1369,5
129,1371,6
129,1381,5
129,1393,5
129,1395,9
129,1405,10
129,1417,5
129,1429,5
129,1431,8
129,1441,5
129,1443,9
129,1453,5
129,1455,9
129,1465,8
129,1477,6
129,1489,8
129,1501,8
129,1513,9
129,1525,8
129,1537,5
129,1539,5
129,1541,7
129,1549,7
129,1561,5
129,1563,8
129,1573,5
129,1575,8
129,1585,8
129,1597,5
129,1599,9
129,1609,5
129,1611,5
129,1613,8
129,1621,9
129,1633,5
129,1635,10
129,1645,7
129,1657,5
129,1659,6
129,1669,5
129,1671,8
129,1681,9
129,1693,8
129,1705,9
129,1717,7
129,1729,8
129,1741,7
129,1753,5
129,1755,5
129,1757,9
129,1765,9
129,1777,8
129,1789,10
129,1801,10
129,1813,5
129,1815,5
129,1825,9
130,1333,5
130,1335,10
130,1345,5
130,1347,9
130,1357,5
130,1369,5
130,1371,5
130,1381,7
130,1393,8
130,1405,5
130,1407,5
130,1409,8
130,1417,6
130,1429,5
130,1441,8
130,1453,5
130,1455,7
130,1465,5
130,1467,8
130,1477,9
130,1489,5
130,1491,5
130,1501,5
130,1513,5
130,1515,8
130,1525,6
130,1537,9
130,1549,7
130,1561,8
130,1573,8
130,1585,8
130,1597,8
130,1609,6
130,1621,5
130,1623,5
130,1625,5
130,1633,7
130,1645,7
130,1657,6
130,1669,7
130,1681,9
130,1693,5
130,1705,10
130,1717,5
130,1729,9
130,1741,5
130,1743,8
130,1753,7
130,1765,9
130,1777,7
130,1789,9
130,1801,5
130,1803,8
130,1813,8
130,1825,5
130,1827,8
131,1333,9
131,1345,7
131,1357,8
131,1369,5
131,1381,5
131,1393,5
131,1395,7
131,1405,5
131,1407,8
131,1417,5
131,1429,5
131,1431,8
131,1441,7
131,1453,8
131,1465,5
131,1467,10
131,1477,7
131,1489,5
131,1491,5
131,1493,7
131,1501,9
131,1513,10
131,1525,5
131,1527,7
131,1537,8
131,1549,5
131,1551,6
131,1561,5
131,1563,10
131,1573,5
131,1575,7
131,1585,10
131,1597,5
131,1609,5
131,1611,7
131,1621,7
131,1633,5
131,1635,10
131,1645,5
131,1647,8
131,1657,5
131,1659,8
131,1669,10
131,1681,7
131,1693,8
131,1705,7
131,1717,7
131,1729,8
131,1741,5
131,1743,8
131,1753,5
131,1755,5
131,1757,6
131,1765,6
131,1777,8
131,1789,9
131,1801,8
131,1813,7
131,1825,10
132,1333,5
132,1345,5
132,1347,7
132,1357,10
132,1369,5
132,1371,8
132,1381,8
132,1393,7
132,1405,8
132,1417,7
132,1429,8
132,1441,8
132,1453,5
132,1455,7
132,1465,5
132,1467,7
132,1477,8
132,1489,7
132,1501,9
132,1513,10
132,1525,5
132,1537,8
132,1549,7
132,1561,7
132,1573,7
132,1585,6
132,1597,10
132,1609,5
132,1611,8
132,1621,9
132,1633,5
132,1635,9
132,1645,9
132,1657,9
132,1669,5
132,1681,8
132,1693,6
132,1705,5
132,1717,7
132,1729,7
132,1741,8
132,1753,5
132,1755,8
132,1765,7
132,1777,7
132,1789,5
132,1791,8
132,1801,9
132,1813,5
132,1825,8
133,1333,9
133,1345,8
133,1357,5
133,1359,7
133,1369,9
133,1381,5
133,1383,8
133,1393,7
133,1405,7
133,1417,10
133,1429,7
133,1441,8
133,1453,5
133,1455,8
133,1465,5
133,1477,9
133,1489,5
133,1491,5
133,1501,5
133,1513,7
133,1525,5
133,1527,8
133,1537,8
133,1549,8
133,1561,7
133,1573,8
133,1585,9
133,1597,5
133,1599,8
133,1609,8
133,1621,10
133,1633,8
133,1645,5
133,1647,7
133,1657,5
133,1659,10
133,1669,8
133,1681,5
133,1683,7
133,1693,7
133,1705,9
133,1717,7
133,1729,5
133,1741,9
133,1753,7
133,1765,8
133,1777,10
133,1789,5
133,1791,9
133,1801,5
133,1803,5
133,1805,8
133,1813,10
133,1825,5
133,1827,5
133,1829,8
134,1333,8
134,1345,7
134,1357,7
134,1369,5
134,1371,7
134,1381,5
134,1383,6
134,1393,8
134,1405,8
134,1417,7
134,1429,5
134,1431,7
134,1441,5
134,1443,5
134,1445,9
134,1453,5
134,1455,5
134,1457,6
134,1465,7
134,1477,8
134,1489,7
134,1501,7
134,1513,7
134,1525,7
134,1537,5
134,1539,5
134,1541,7
134,1549,5
134,1551,7
134,1561,5
134,1563,8
134,1573,8
134,1585,9
134,1597,5
134,1599,7
134,1609,5
134,1611,8
134,1621,8
134,1633,9
134,1645,5
134,1647,5
134,1649,10
134,1657,5
134,1659,7
134,1669,5
134,1671,10
134,1681,9
134,1693,5
134,1695,5
134,1697,10
134,1705,7
134,1717,5
134,1729,7
134,1741,8
134,1753,5
134,1765,6
134,1777,6
134,1789,7
134,1801,8
134,1813,6
134,1825,5
134,1827,7
135,1333,5
135,1335,9
135,1345,9
135,1357,8
135,1369,5
135,1381,5
135,1383,6
135,1393,7
135,1405,5
135,1407,5
135,1409,8
135,1417,7
135,1429,5
135,1431,8
135,1441,8
135,1453,8
135,1465,10
135,1477,8
135,1489,9
135,1501,8
135,1513,6
135,1525,7
135,1537,5
135,1549,8
135,1561,7
135,1573,8
135,1585,5
135,1587,9
135,1597,8
135,1609,5
135,1611,7
135,1621,8
135,1633,5
135,1635,8
135,1645,8
135,1657,7
135,1669,7
135,1681,10
135,1693,7
135,1705,8
135,1717,6
135,1729,5
135,1731,10
135,1741,10
135,1753,5
135,1755,8
135,1765,8
135,1777,9
135,1789,5
135,1801,5
135,1813,8
135,1825,10
136,1333,6
136,1345,8
136,1357,9
136,1369,8
136,1381,9
136,1393,7
136,1405,8
136,1417,7
136,1429,10
136,1441,9
136,1453,8
136,1465,9
136,1477,8
136,1489,5
136,1491,10
136,1501,9
136,1513,9
136,1525,8
136,1537,8
136,1549,9
136,1561,8
136,1573,10
136,1585,8
136,1597,5
136,1599,10
136,1609,5
136,1611,6
136,1621,5
136,1623,8
136,1633,5
136,1635,5
136,1637,7
136,1645,5
136,1647,8
136,1657,5
136,1659,10
136,1669,5
136,1671,8
136,1681,5
136,1683,7
136,1693,5
136,1695,10
136,1705,7
136,1717,7
136,1729,9
136,1741,7
136,1753,8
136,1765,5
136,1767,8
136,1777,6
136,1789,5
136,1791,8
136,1801,6
136,1813,7
136,1825,7
137,1333,8
137,1345,8
137,1357,7
137,1369,5
137,1371,7
137,1381,8
137,1393,9
137,1405,5
137,1407,7
137,1417,8
137,1429,8
137,1441,8
137,1453,5
137,1455,8
137,1465,6
137,1477,7
137,1489,5
137,1501,5
137,1503,9
137,1513,9
137,1525,9
137,1537,10
137,1549,5
137,1551,5
137,1553,9
137,1561,7
137,1573,5
137,1585,8
137,1597,7
137,1609,5
137,1611,6
137,1621,5
137,1623,5
137,1633,8
137,1645,8
137,1657,5
137,1659,8
137,1669,8
137,1681,5
137,1693,7
137,1705,5
137,1707,5
137,1709,10
137,1717,5
137,1729,8
137,1741,5
137,1743,8
137,1753,7
137,1765,9
137,1777,5
137,1779,10
137,1789,8
137,1801,9
137,1813,5
137,1815,8
137,1825,8
138,1333,5
138,1345,8
138,1357,5
138,1369,5
138,1371,5
138,1373,7
138,1381,7
138,1393,5
138,1395,9
138,1405,7
138,1417,7
138,1429,5
138,1431,7
138,1441,5
138,1453,5
138,1455,9
138,1465,9
138,1477,8
138,1489,9
138,1501,5
138,1513,7
138,1525,5
138,1527,7
138,1537,6
138,1549,7
138,1561,7
138,1573,5
138,1585,7
138,1597,7
138,1609,9
138,1621,9
138,1633,7
138,1645,8
138,1657,5
138,1659,5
138,1661,6
138,1669,7
138,1681,9
138,1693,5
138,1695,7
138,1705,10
138,1717,8
138,1729,5
138,1731,8
138,1741,8
138,1753,6
138,1765,8
138,1777,9
138,1789,5
138,1791,9
138,1801,5
138,1813,7
138,1825,6
139,1333,8
139,1345,8
139,1357,8
139,1369,10
139,1381,8
139,1393,8
139,1405,5
139,1417,5
139,1419,5
139,1429,5
139,1441,6
139,1453,7
139,1465,7
139,1477,7
139,1489,8
139,1501,7
139,1513,9
139,1525,8
139,1537,8
139,1549,8
139,1561,7
139,1573,8
139,1585,8
139,1597,9
139,1609,8
139,1621,5
139,1623,10
139,1633,8
139,1645,6
139,1657,7
139,1669,8
139,1681,7
139,1693,5
139,1705,5
139,1717,5
139,1719,7
139,1729,6
139,1741,9
139,1753,5
139,1765,8
139,1777,7
139,1789,8
139,1801,7
139,1813,7
139,1825,5
139,1827,6
140,1333,5
140,1335,5
140,1345,7
140,1357,5
140,1369,9
140,1381,5
140,1383,8
140,1393,7
140,1405,9
140,1417,5
140,1429,5
140,1431,5
140,1433,8
140,1441,9
140,1453,7
140,1465,8
140,1477,5
140,1489,9
140,1501,10
140,1513,7
140,1525,5
140,1537,8
140,1549,7
140,1561,5
140,1573,5
140,1575,8
140,1585,7
140,1597,6
140,1609,5
140,1611,7
140,1621,7
140,1633,5
140,1635,8
140,1645,5
140,1647,8
140,1657,8
140,1669,10
140,1681,8
140,1693,7
140,1705,6
140,1717,7
140,1729,5
140,1731,8
140,1741,8
140,1753,8
140,1765,8
140,1777,7
140,1789,8
140,1801,5
140,1813,8
140,1825,8
141,1333,7
141,1345,8
141,1357,8
141,1369,8
141,1381,8
141,1393,7
141,1405,8
141,1417,7
141,1429,5
141,1431,9
141,1441,8
141,1453,7
141,1465,5
141,1467,5
141,1469,8
141,1477,5
141,1479,6
141,1489,5
141,1491,7
141,1501,7
141,1513,5
141,1525,5
141,1527,5
141,1529,7
141,1537,8
141,1549,7
141,1561,7
141,1573,7
141,1585,8
141,1597,8
141,1609,10
141,1621,8
141,1633,8
141,1645,9
141,1657,9
141,1669,5
141,1671,6
141,1681,5
141,1683,10
141,1693,10
141,1705,5
141,1717,5
141,1719,6
141,1729,5
141,1741,7
141,1753,8
141,1765,8
141,1777,10
141,1789,8
141,1801,5
141,1803,5
141,1805,8
141,1813,8
141,1825,9
141,1837,5
141,1839,9
141,1849,5
141,1861,5
141,1863,8
141,1873,5
141,1885,5
141,1887,10
141,1897,7
141,1909,7
141,1921,10
141,1933,5
141,1935,8
141,1945,5
141,1947,8
141,1957,9
141,1969,7
141,1981,5
141,1983,5
141,1993,6
142,1333,5
142,1335,6
142,1345,9
142,1357,8
142,1369,5
142,1381,8
142,1393,5
142,1405,8
142,1417,8
142,1429,5
142,1431,6
142,1441,9
142,1453,5
142,1465,6
142,1477,5
142,1479,8
142,1489,5
142,1501,8
142,1513,5
142,1515,9
142,1525,8
142,1537,8
142,1549,7
142,1561,10
142,1573,5
142,1575,7
142,1585,5
142,1597,6
142,1609,5
142,1621,7
142,1633,7
142,1645,8
142,1657,8
142,1669,5
142,1671,5
142,1673,5
142,1675,7
142,1681,9
142,1693,5
142,1695,10
142,1705,8
142,1717,5
142,1719,5
142,1729,7
142,1741,5
142,1743,7
142,1753,5
142,1765,9
142,1777,9
142,1789,7
142,1801,8
142,1813,5
142,1815,9
142,1825,6
142,1837,5
142,1839,7
142,1849,6
142,1861,5
142,1863,9
142,1873,5
142,1875,7
142,1885,5
142,1897,5
142,1899,7
142,1909,6
142,1921,5
142,1923,7
142,1933,8
142,1945,8
142,1957,5
142,1959,7
142,1969,10
142,1981,9
142,1993,8
143,1333,6
143,1345,5
143,1347,9
143,1357,9
143,1369,8
143,1381,5
143,1393,9
143,1405,8
143,1417,7
143,1429,9
143,1441,8
143,1453,5
143,1455,5
143,1457,9
143,1465,5
143,1477,7
143,1489,5
143,1491,5
143,1493,6
143,1501,5
143,1503,7
143,1513,7
143,1525,7
143,1537,8
143,1549,7
143,1561,5
143,1573,5
143,1575,5
143,1585,5
143,1587,8
143,1597,5
143,1609,7
143,1621,5
143,1633,5
143,1635,7
143,1645,10
143,1657,8
143,1669,5
143,1671,7
143,1681,8
143,1693,5
143,1705,5
143,1707,5
143,1709,8
143,1717,6
143,1729,9
143,1741,5
143,1743,9
143,1753,7
143,1765,9
143,1777,5
143,1779,8
143,1789,5
143,1791,9
143,1801,9
143,1813,10
143,1825,5
143,1837,7
143,1849,7
143,1861,5
143,1873,8
143,1885,5
143,1897,5
143,1899,5
143,1909,5
143,1911,8
143,1921,8
143,1933,8
143,1945,7
143,1957,5
143,1959,5
143,1961,5
143,1969,5
143,1971,5
143,1981,8
143,1993,10
144,1333,5
144,1335,9
144,1345,5
144,1347,10
144,1357,5
144,1359,7
144,1369,8
144,1381,8
144,1393,7
144,1405,8
144,1417,7
144,1429,8
144,1441,9
144,1453,9
144,1465,8
144,1477,5
144,1479,10
144,1489,8
144,1501,9
144,1513,8
144,1525,8
144,1537,7
144,1549,5
144,1551,7
144,1561,8
144,1573,5
144,1575,8
144,1585,9
144,1597,5
144,1599,5
144,1601,8
144,1609,9
144,1621,7
144,1633,5
144,1635,5
144,1645,10
144,1657,6
144,1669,8
144,1681,5
144,1683,8
144,1693,9
144,1705,5
144,1707,8
144,1717,5
144,1729,8
144,1741,8
144,1753,10
144,1765,9
144,1777,5
144,1779,10
144,1789,9
144,1801,9
144,1813,8
144,1825,8
144,1837,7
144,1849,7
144,1861,10
144,1873,5
144,1885,7
144,1897,7
144,1909,8
144,1921,10
144,1933,7
144,1945,8
144,1957,6
144,1969,8
144,1981,5
144,1993,5
144,1995,9
145,1333,9
145,1345,8
145,1357,8
145,1369,8
145,1381,9
145,1393,9
145,1405,7
145,1417,7
145,1429,5
145,1431,5
145,1433,6
145,1441,9
145,1453,8
145,1465,9
145,1477,5
145,1479,7
145,1489,8
145,1501,5
145,1503,5
145,1505,8
145,1513,5
145,1525,7
145,1537,5
145,1549,5
145,1561,7
145,1573,8
145,1585,9
145,1597,10
145,1609,5
145,1611,5
145,1621,10
145,1633,9
145,1645,5
145,1657,7
145,1669,8
145,1681,10
145,1693,5
145,1705,10
145,1717,8
145,1729,5
145,1731,5
145,1733,5
145,1735,7
145,1741,5
145,1743,5
145,1753,7
145,1765,8
145,1777,8
145,1789,5
145,1801,8
145,1813,5
145,1815,9
145,1825,5
145,1827,5
145,1829,7
145,1837,5
145,1839,7
145,1849,7
145,1861,9
145,1873,5
145,1885,5
145,1887,9
145,1897,5
145,1899,8
145,1909,9
145,1921,5
145,1923,8
145,1933,10
145,1945,8
145,1957,6
145,1969,8
145,1981,5
145,1983,5
145,1985,9
145,1993,5
145,1995,6
146,1333,7
146,1345,9
146,1357,5
146,1369,9
146,1381,5
146,1393,5
146,1395,8
146,1405,7
146,1417,5
146,1419,5
146,1421,8
146,1429,7
146,1441,5
146,1443,8
146,1453,5
146,1455,5
146,1457,10
146,1465,8
146,1477,6
146,1489,9
146,1501,8
146,1513,9
146,1525,8
146,1537,5
146,1539,9
146,1549,6
146,1561,5
146,1563,10
146,1573,5
146,1585,7
146,1597,5
146,1599,5
146,1609,5
146,1611,5
146,1613,7
146,1621,9
146,1633,5
146,1635,5
146,1645,5
146,1647,9
146,1657,5
146,1659,7
146,1669,10
146,1681,7
146,1693,9
146,1705,7
146,1717,5
146,1719,5
146,1729,5
146,1741,8
146,1753,6
146,1765,7
146,1777,10
146,1789,8
146,1801,5
146,1803,6
146,1813,5
146,1825,8
146,1837,7
146,1849,5
146,1851,7
146,1861,5
146,1863,7
146,1873,6
146,1885,5
146,1887,5
146,1889,7
146,1897,5
146,1899,5
146,1901,9
146,1909,5
146,1911,5
146,1913,8
146,1921,5
146,1923,7
146,1933,5
146,1935,6
146,1945,10
146,1957,5
146,1959,8
146,1969,8
146,1981,7
146,1993,8
147,1333,8
147,1345,5
147,1347,6
147,1357,5
147,1369,8
147,1381,5
147,1383,5
147,1385,7
147,1393,5
147,1395,5
147,1405,7
147,1417,9
147,1429,8
147,1441,8
147,1453,5
147,1455,9
147,1465,8
147,1477,9
147,1489,5
147,1491,5
147,1501,7
147,1513,5
147,1515,7
147,1525,8
147,1537,9
147,1549,5
147,1551,8
147,1561,6
147,1573,5
147,1575,5
147,1585,7
147,1597,8
147,1609,5
147,1611,7
147,1621,8
147,1633,6
147,1645,6
147,1657,5
147,1659,7
147,1669,7
147,1681,6
147,1693,9
147,1705,5
147,1707,9
147,1717,5
147,1729,9
147,1741,6
147,1753,8
147,1765,5
147,1767,8
147,1777,7
147,1789,8
147,1801,7
147,1813,10
147,1825,6
147,1837,5
147,1849,5
147,1851,9
147,1861,7
147,1873,5
147,1875,8
147,1885,8
147,1897,8
147,1909,5
147,1911,8
147,1921,7
147,1933,5
147,1935,8
147,1945,9
147,1957,5
147,1959,7
147,1969,8
147,1981,9
147,1993,8
148,1333,5
148,1345,7
148,1357,5
148,1359,8
148,1369,5
148,1371,9
148,1381,5
148,1383,5
148,1385,7
148,1393,8
148,1405,10
148,1417,9
148,1429,10
148,1441,9
148,1453,5
148,1455,8
148,1465,10
148,1477,7
148,1489,5
148,1491,8
148,1501,6
148,1513,5
148,1515,8
148,1525,8
148,1537,5
148,1539,8
148,1549,5
148,1551,7
148,1561,8
148,1573,5
148,1575,8
148,1585,6
148,1597,8
148,1609,5
148,1611,8
148,1621,7
148,1633,8
148,1645,5
148,1647,8
148,1657,10
148,1669,5
148,1681,5
148,1693,5
148,1695,7
148,1705,9
148,1717,5
148,1719,7
148,1729,7
148,1741,5
148,1753,10
148,1765,6
148,1777,9
148,1789,6
148,1801,5
148,1813,8
148,1825,5
148,1827,7
148,1837,8
148,1849,5
148,1851,5
148,1853,8
148,1861,5
148,1863,8
148,1873,8
148,1885,5
148,1887,5
148,1889,8
148,1897,7
148,1909,10
148,1921,5
148,1923,9
148,1933,7
148,1945,9
148,1957,10
148,1969,5
148,1971,5
148,1973,10
148,1981,8
148,1993,5
149,1333,9
149,1345,7
149,1357,8
149,1369,7
149,1381,5
149,1393,5
149,1395,8
149,1405,5
149,1407,9
149,1417,8
149,1429,7
149,1441,5
149,1443,5
149,1453,5
149,1455,8
149,1465,5
149,1467,8
149,1477,9
149,1489,7
149,1501,7
149,1513,5
149,1515,9
149,1525,7
149,1537,9
149,1549,9
149,1561,9
149,1573,7
149,1585,5
149,1597,5
149,1599,7
149,1609,8
149,1621,8
149,1633,8
149,1645,5
149,1647,9
149,1657,5
149,1659,7
149,1669,7
149,1681,7
149,1693,9
149,1705,5
149,1717,6
149,1729,5
149,1741,5
149,1743,7
149,1753,9
149,1765,5
149,1767,8
149,1777,10
149,1789,6
149,1801,8
149,1813,8
149,1825,6
149,1837,8
149,1849,10
149,1861,8
149,1873,7
149,1885,7
149,1897,5
149,1899,9
149,1909,5
149,1911,7
149,1921,5
149,1923,9
149,1933,5
149,1945,8
149,1957,8
149,1969,5
149,1971,7
149,1981,5
149,1983,5
149,1993,6
150,1333,5
150,1335,7
150,1345,7
150,1357,8
150,1369,7
150,1381,5
150,1383,5
150,1385,8
150,1393,8
150,1405,6
150,1417,10
150,1429,7
150,1441,5
150,1443,5
150,1445,7
150,1453,5
150,1465,6
150,1477,10
150,1489,8
150,1501,9
150,1513,5
150,1515,8
150,1525,8
150,1537,5
150,1539,9
150,1549,6
150,1561,5
150,1563,9
150,1573,10
150,1585,8
150,1597,8
150,1609,5
150,1611,5
150,1621,5
150,1623,5
150,1625,10
150,1633,7
150,1645,5
150,1647,8
150,1657,7
150,1669,5
150,1681,7
150,1693,8
150,1705,7
150,1717,5
150,1729,9
150,1741,5
150,1743,5
150,1745,9
150,1753,5
150,1765,8
150,1777,5
150,1779,8
150,1789,6
150,1801,8
150,1813,5
150,1815,7
150,1825,8
150,1837,8
150,1849,9
150,1861,5
150,1863,6
150,1873,6
150,1885,5
150,1887,9
150,1897,6
150,1909,8
150,1921,5
150,1923,8
150,1933,10
150,1945,7
150,1957,5
150,1959,5
150,1961,9
150,1969,5
150,1971,7
150,1981,7
150,1993,7
