ispid,predmetid,ispitniRokId,ispUGod,ispDatum
1,1,1,2024,2024-01-22
2,1,1,2025,2025-01-20
3,1,2,2024,2024-02-19
4,1,2,2025,2025-02-17
5,1,3,2024,2024-06-17
6,1,3,2025,2025-06-16
7,1,4,2024,2024-07-15
8,1,4,2025,2025-07-14
9,1,5,2024,2024-08-28
10,1,5,2025,2025-08-27
11,1,6,2024,2024-09-04
12,1,6,2025,2025-09-03
13,2,1,2024,2024-01-22
14,2,1,2025,2025-01-20
15,2,2,2024,2024-02-19
16,2,2,2025,2025-02-17
17,2,3,2024,2024-06-17
18,2,3,2025,2025-06-16
19,2,4,2024,2024-07-15
20,2,4,2025,2025-07-14
21,2,5,2024,2024-08-28
22,2,5,2025,2025-08-27
23,2,6,2024,2024-09-04
24,2,6,2025,2025-09-03
25,3,1,2024,2024-01-22
26,3,1,2025,2025-01-20
27,3,2,2024,2024-02-19
28,3,2,2025,2025-02-17
29,3,3,2024,2024-06-17
30,3,3,2025,2025-06-16
31,3,4,2024,2024-07-15
32,3,4,2025,2025-07-14
33,3,5,2024,2024-08-28
34,3,5,2025,2025-08-27
35,3,6,2024,2024-09-04
36,3,6,2025,2025-09-03
37,4,1,2024,2024-01-22
38,4,1,2025,2025-01-20
39,4,2,2024,2024-02-19
40,4,2,2025,2025-02-17
41,4,3,2024,2024-06-17
42,4,3,2025,2025-06-16
43,4,4,2024,2024-07-15
44,4,4,2025,2025-07-14
45,4,5,2024,2024-08-28
46,4,5,2025,2025-08-27
47,4,6,2024,2024-09-04
48,4,6,2025,2025-09-03
49,5,1,2024,2024-01-22
50,5,1,2025,2025-01-20
51,5,2,2024,2024-02-19
52,5,2,2025,2025-02-17
53,5,3,2024,2024-06-17
54,5,3,2025,2025-06-16
55,5,4,2024,2024-07-15
56,5,4,2025,2025-07-14
57,5,5,2024,2024-08-28
58,5,5,2025,2025-08-27
59,5,6,2024,2024-09-04
60,5,6,2025,2025-09-03
61,6,1,2024,2024-01-22
62,6,1,2025,2025-01-20
63,6,2,2024,2024-02-19
64,6,2,2025,2025-02-17
65,6,3,2024,2024-06-17
66,6,3,2025,2025-06-16
67,6,4,2024,2024-07-15
68,6,4,2025,2025-07-14
69,6,5,2024,2024-08-28
70,6,5,2025,2025-08-27
71,6,6,2024,2024-09-04
72,6,6,2025,2025-09-03
73,7,1,2024,2024-01-22
74,7,1,2025,2025-01-20
75,7,2,2024,2024-02-19
76,7,2,2025,2025-02-17
77,7,3,2024,2024-06-17
78,7,3,2025,2025-06-16
79,7,4,2024,2024-07-15
80,7,4,2025,2025-07-14
81,7,5,2024,2024-08-28
82,7,5,2025,2025-08-27
83,7,6,2024,2024-09-04
84,7,6,2025,2025-09-03
85,8,1,2024,2024-01-22
86,8,1,2025,2025-01-20
87,8,2,2024,2024-02-19
88,8,2,2025,2025-02-17
89,8,3,2024,2024-06-17
90,8,3,2025,2025-06-16
91,8,4,2024,2024-07-15
92,8,4,2025,2025-07-14
93,8,5,2024,2024-08-28
94,8,5,2025,2025-08-27
95,8,6,2024,2024-09-04
96,8,6,2025,2025-09-03
97,9,1,2024,2024-01-22
98,9,1,2025,2025-01-20
99,9,2,2024,2024-02-19
100,9,2,2025,2025-02-17
101,9,3,2024,2024-06-17
102,9,3,2025,2025-06-16
103,9,4,2024,2024-07-15
104,9,4,2025,2025-07-14
105,9,5,2024,2024-08-28
106,9,5,2025,2025-08-27
107,9,6,2024,2024-09-04
108,9,6,2025,2025-09-03
109,10,1,2024,2024-01-22
110,10,1,2025,2025-01-20
111,10,2,2024,2024-02-19
112,10,2,2025,2025-02-17
113,10,3,2024,2024-06-17
114,10,3,2025,2025-06-16
115,10,4,2024,2024-07-15
116,10,4,2025,2025-07-14
117,10,5,2024,2024-08-28
118,10,5,2025,2025-08-27
119,10,6,2024,2024-09-04
120,10,6,2025,2025-09-03
121,11,1,2024,2024-01-22
122,11,1,2025,2025-01-20
123,11,2,2024,2024-02-19
124,11,2,2025,2025-02-17
125,11,3,2024,2024-06-17
126,11,3,2025,2025-06-16
127,11,4,2024,2024-07-15
128,11,4,2025,2025-07-14
129,11,5,2024,2024-08-28
130,11,5,2025,2025-08-27
131,11,6,2024,2024-09-04
132,11,6,2025,2025-09-03
133,12,1,2024,2024-01-22
134,12,1,2025,2025-01-20
135,12,2,2024,2024-02-19
136,12,2,2025,2025-02-17
137,12,3,2024,2024-06-17
138,12,3,2025,2025-06-16
139,12,4,2024,2024-07-15
140,12,4,2025,2025-07-14
141,12,5,2024,2024-08-28
142,12,5,2025,2025-08-27
143,12,6,2024,2024-09-04
144,12,6,2025,2025-09-03
145,13,1,2024,2024-01-22
146,13,1,2025,2025-01-20
147,13,2,2024,2024-02-19
148,13,2,2025,2025-02-17
149,13,3,2024,2024-06-17
150,13,3,2025,2025-06-16
151,13,4,2024,2024-07-15
152,13,4,2025,2025-07-14
153,13,5,2024,2024-08-28
154,13,5,2025,2025-08-27
155,13,6,2024,2024-09-04
156,13,6,2025,2025-09-03
157,14,1,2024,2024-01-22
158,14,1,2025,2025-01-20
159,14,2,2024,2024-02-19
160,14,2,2025,2025-02-17
161,14,3,2024,2024-06-17
162,14,3,2025,2025-06-16
163,14,4,2024,2024-07-15
164,14,4,2025,2025-07-14
165,14,5,2024,2024-08-28
166,14,5,2025,2025-08-27
167,14,6,2024,2024-09-04
168,14,6,2025,2025-09-03
169,15,1,2024,2024-01-22
170,15,1,2025,2025-01-20
171,15,2,2024,2024-02-19
172,15,2,2025,2025-02-17
173,15,3,2024,2024-06-17
174,15,3,2025,2025-06-16
175,15,4,2024,2024-07-15
176,15,4,2025,2025-07-14
177,15,5,2024,2024-08-28
178,15,5,2025,2025-08-27
179,15,6,2024,2024-09-04
180,15,6,2025,2025-09-03
181,16,1,2024,2024-01-22
182,16,1,2025,2025-01-20
183,16,2,2024,2024-02-19
184,16,2,2025,2025-02-17
185,16,3,2024,2024-06-17
186,16,3,2025,2025-06-16
187,16,4,2024,2024-07-15
188,16,4,2025,2025-07-14
189,16,5,2024,2024-08-28
190,16,5,2025,2025-08-27
191,16,6,2024,2024-09-04
192,16,6,2025,2025-09-03
193,17,1,2024,2024-01-22
194,17,1,2025,2025-01-20
195,17,2,2024,2024-02-19
196,17,2,2025,2025-02-17
197,17,3,2024,2024-06-17
198,17,3,2025,2025-06-16
199,17,4,2024,2024-07-15
200,17,4,2025,2025-07-14
201,17,5,2024,2024-08-28
202,17,5,2025,2025-08-27
203,17,6,2024,2024-09-04
204,17,6,2025,2025-09-03
205,18,1,2024,2024-01-22
206,18,1,2025,2025-01-20
207,18,2,2024,2024-02-19
208,18,2,2025,2025-02-17
209,18,3,2024,2024-06-17
210,18,3,2025,2025-06-16
211,18,4,2024,2024-07-15
212,18,4,2025,2025-07-14
213,18,5,2024,2024-08-28
214,18,5,2025,2025-08-27
215,18,6,2024,2024-09-04
216,18,6,2025,2025-09-03
217,19,1,2024,2024-01-22
218,19,1,2025,2025-01-20
219,19,2,2024,2024-02-19
220,19,2,2025,2025-02-17
221,19,3,2024,2024-06-17
222,19,3,2025,2025-06-16
223,19,4,2024,2024-07-15
224,19,4,2025,2025-07-14
225,19,5,2024,2024-08-28
226,19,5,2025,2025-08-27
227,19,6,2024,2024-09-04
228,19,6,2025,2025-09-03
229,20,1,2024,2024-01-22
230,20,1,2025,2025-01-20
231,20,2,2024,2024-02-19
232,20,2,2025,2025-02-17
233,20,3,2024,2024-06-17
234,20,3,2025,2025-06-16
235,20,4,2024,2024-07-15
236,20,4,2025,2025-07-14
237,20,5,2024,2024-08-28
238,20,5,2025,2025-08-27
239,20,6,2024,2024-09-04
240,20,6,2025,2025-09-03
241,21,1,2024,2024-01-22
242,21,1,2025,2025-01-20
243,21,2,2024,2024-02-19
244,21,2,2025,2025-02-17
245,21,3,2024,2024-06-17
246,21,3,2025,2025-06-16
247,21,4,2024,2024-07-15
248,21,4,2025,2025-07-14
249,21,5,2024,2024-08-28
250,21,5,2025,2025-08-27
251,21,6,2024,2024-09-04
252,21,6,2025,2025-09-03
253,22,1,2024,2024-01-22
254,22,1,2025,2025-01-20
255,22,2,2024,2024-02-19
256,22,2,2025,2025-02-17
257,22,3,2024,2024-06-17
258,22,3,2025,2025-06-16
259,22,4,2024,2024-07-15
260,22,4,2025,2025-07-14
261,22,5,2024,2024-08-28
262,22,5,2025,2025-08-27
263,22,6,2024,2024-09-04
264,22,6,2025,2025-09-03
265,23,1,2024,2024-01-22
266,23,1,2025,2025-01-20
267,23,2,2024,2024-02-19
268,23,2,2025,2025-02-17
269,23,3,2024,2024-06-17
270,23,3,2025,2025-06-16
271,23,4,2024,2024-07-15
272,23,4,2025,2025-07-14
273,23,5,2024,2024-08-28
274,23,5,2025,2025-08-27
275,23,6,2024,2024-09-04
276,23,6,2025,2025-09-03
277,24,1,2024,2024-01-22
278,24,1,2025,2025-01-20
279,24,2,2024,2024-02-19
280,24,2,2025,2025-02-17
281,24,3,2024,2024-06-17
282,24,3,2025,2025-06-16
283,24,4,2024,2024-07-15
284,24,4,2025,2025-07-14
285,24,5,2024,2024-08-28
286,24,5,2025,2025-08-27
287,24,6,2024,2024-09-04
288,24,6,2025,2025-09-03
289,25,1,2024,2024-01-22
290,25,1,2025,2025-01-20
291,25,2,2024,2024-02-19
292,25,2,2025,2025-02-17
293,25,3,2024,2024-06-17
294,25,3,2025,2025-06-16
295,25,4,2024,2024-07-15
296,25,4,2025,2025-07-14
297,25,5,2024,2024-08-28
298,25,5,2025,2025-08-27
299,25,6,2024,2024-09-04
300,25,6,2025,2025-09-03
301,26,1,2024,2024-01-22
302,26,1,2025,2025-01-20
303,26,2,2024,2024-02-19
304,26,2,2025,2025-02-17
305,26,3,2024,2024-06-17
306,26,3,2025,2025-06-16
307,26,4,2024,2024-07-15
308,26,4,2025,2025-07-14
309,26,5,2024,2024-08-28
310,26,5,2025,2025-08-27
311,26,6,2024,2024-09-04
312,26,6,2025,2025-09-03
313,27,1,2024,2024-01-22
314,27,1,2025,2025-01-20
315,27,2,2024,2024-02-19
316,27,2,2025,2025-02-17
317,27,3,2024,2024-06-17
318,27,3,2025,2025-06-16
319,27,4,2024,2024-07-15
320,27,4,2025,2025-07-14
321,27,5,2024,2024-08-28
322,27,5,2025,2025-08-27
323,27,6,2024,2024-09-04
324,27,6,2025,2025-09-03
325,28,1,2024,2024-01-22
326,28,1,2025,2025-01-20
327,28,2,2024,2024-02-19
328,28,2,2025,2025-02-17
329,28,3,2024,2024-06-17
330,28,3,2025,2025-06-16
331,28,4,2024,2024-07-15
332,28,4,2025,2025-07-14
333,28,5,2024,2024-08-28
334,28,5,2025,2025-08-27
335,28,6,2024,2024-09-04
336,28,6,2025,2025-09-03
337,29,1,2024,2024-01-22
338,29,1,2025,2025-01-20
339,29,2,2024,2024-02-19
340,29,2,2025,2025-02-17
341,29,3,2024,2024-06-17
342,29,3,2025,2025-06-16
343,29,4,2024,2024-07-15
344,29,4,2025,2025-07-14
345,29,5,2024,2024-08-28
346,29,5,2025,2025-08-27
347,29,6,2024,2024-09-04
348,29,6,2025,2025-09-03
349,30,1,2024,2024-01-22
350,30,1,2025,2025-01-20
351,30,2,2024,2024-02-19
352,30,2,2025,2025-02-17
353,30,3,2024,2024-06-17
354,30,3,2025,2025-06-16
355,30,4,2024,2024-07-15
356,30,4,2025,2025-07-14
357,30,5,2024,2024-08-28
358,30,5,2025,2025-08-27
359,30,6,2024,2024-09-04
360,30,6,2025,2025-09-03
361,31,1,2024,2024-01-22
362,31,1,2025,2025-01-20
363,31,2,2024,2024-02-19
364,31,2,2025,2025-02-17
365,31,3,2024,2024-06-17
366,31,3,2025,2025-06-16
367,31,4,2024,2024-07-15
368,31,4,2025,2025-07-14
369,31,5,2024,2024-08-28
370,31,5,2025,2025-08-27
371,31,6,2024,2024-09-04
372,31,6,2025,2025-09-03
373,32,1,2024,2024-01-22
374,32,1,2025,2025-01-20
375,32,2,2024,2024-02-19
376,32,2,2025,2025-02-17
377,32,3,2024,2024-06-17
378,32,3,2025,2025-06-16
379,32,4,2024,2024-07-15
380,32,4,2025,2025-07-14
381,32,5,2024,2024-08-28
382,32,5,2025,2025-08-27
383,32,6,2024,2024-09-04
384,32,6,2025,2025-09-03
385,33,1,2024,2024-01-22
386,33,1,2025,2025-01-20
387,33,2,2024,2024-02-19
388,33,2,2025,2025-02-17
389,33,3,2024,2024-06-17
390,33,3,2025,2025-06-16
391,33,4,2024,2024-07-15
392,33,4,2025,2025-07-14
393,33,5,2024,2024-08-28
394,33,5,2025,2025-08-27
395,33,6,2024,2024-09-04
396,33,6,2025,2025-09-03
397,34,1,2024,2024-01-22
398,34,1,2025,2025-01-20
399,34,2,2024,2024-02-19
400,34,2,2025,2025-02-17
401,34,3,2024,2024-06-17
402,34,3,2025,2025-06-16
403,34,4,2024,2024-07-15
404,34,4,2025,2025-07-14
405,34,5,2024,2024-08-28
406,34,5,2025,2025-08-27
407,34,6,2024,2024-09-04
408,34,6,2025,2025-09-03
409,35,1,2024,2024-01-22
410,35,1,2025,2025-01-20
411,35,2,2024,2024-02-19
412,35,2,2025,2025-02-17
413,35,3,2024,2024-06-17
414,35,3,2025,2025-06-16
415,35,4,2024,2024-07-15
416,35,4,2025,2025-07-14
417,35,5,2024,2024-08-28
418,35,5,2025,2025-08-27
419,35,6,2024,2024-09-04
420,35,6,2025,2025-09-03
421,36,1,2024,2024-01-22
422,36,1,2025,2025-01-20
423,36,2,2024,2024-02-19
424,36,2,2025,2025-02-17
425,36,3,2024,2024-06-17
426,36,3,2025,2025-06-16
427,36,4,2024,2024-07-15
428,36,4,2025,2025-07-14
429,36,5,2024,2024-08-28
430,36,5,2025,2025-08-27
431,36,6,2024,2024-09-04
432,36,6,2025,2025-09-03
433,37,1,2024,2024-01-22
434,37,1,2025,2025-01-20
435,37,2,2024,2024-02-19
436,37,2,2025,2025-02-17
437,37,3,2024,2024-06-17
438,37,3,2025,2025-06-16
439,37,4,2024,2024-07-15
440,37,4,2025,2025-07-14
441,37,5,2024,2024-08-28
442,37,5,2025,2025-08-27
443,37,6,2024,2024-09-04
444,37,6,2025,2025-09-03
445,38,1,2024,2024-01-22
446,38,1,2025,2025-01-20
447,38,2,2024,2024-02-19
448,38,2,2025,2025-02-17
449,38,3,2024,2024-06-17
450,38,3,2025,2025-06-16
451,38,4,2024,2024-07-15
452,38,4,2025,2025-07-14
453,38,5,2024,2024-08-28
454,38,5,2025,2025-08-27
455,38,6,2024,2024-09-04
456,38,6,2025,2025-09-03
457,39,1,2024,2024-01-22
458,39,1,2025,2025-01-20
459,39,2,2024,2024-02-19
460,39,2,2025,2025-02-17
461,39,3,2024,2024-06-17
462,39,3,2025,2025-06-16
463,39,4,2024,2024-07-15
464,39,4,2025,2025-07-14
465,39,5,2024,2024-08-28
466,39,5,2025,2025-08-27
467,39,6,2024,2024-09-04
468,39,6,2025,2025-09-03
469,40,1,2024,2024-01-22
470,40,1,2025,2025-01-20
471,40,2,2024,2024-02-19
472,40,2,2025,2025-02-17
473,40,3,2024,2024-06-17
474,40,3,2025,2025-06-16
475,40,4,2024,2024-07-15
476,40,4,2025,2025-07-14
477,40,5,2024,2024-08-28
478,40,5,2025,2025-08-27
479,40,6,2024,2024-09-04
480,40,6,2025,2025-09-03
481,41,1,2024,2024-01-22
482,41,1,2025,2025-01-20
483,41,2,2024,2024-02-19
484,41,2,2025,2025-02-17
485,41,3,2024,2024-06-17
486,41,3,2025,2025-06-16
487,41,4,2024,2024-07-15
488,41,4,2025,2025-07-14
489,41,5,2024,2024-08-28
490,41,5,2025,2025-08-27
491,41,6,2024,2024-09-04
492,41,6,2025,2025-09-03
493,42,1,2024,2024-01-22
494,42,1,2025,2025-01-20
495,42,2,2024,2024-02-19
496,42,2,2025,2025-02-17
497,42,3,2024,2024-06-17
498,42,3,2025,2025-06-16
499,42,4,2024,2024-07-15
500,42,4,2025,2025-07-14
501,42,5,2024,2024-08-28
502,42,5,2025,2025-08-27
503,42,6,2024,2024-09-04
504,42,6,2025,2025-09-03
505,43,1,2024,2024-01-22
506,43,1,2025,2025-01-20
507,43,2,2024,2024-02-19
508,43,2,2025,2025-02-17
509,43,3,2024,2024-06-17
510,43,3,2025,2025-06-16
511,43,4,2024,2024-07-15
512,43,4,2025,2025-07-14
513,43,5,2024,2024-08-28
514,43,5,2025,2025-08-27
515,43,6,2024,2024-09-04
516,43,6,2025,2025-09-03
517,44,1,2024,2024-01-22
518,44,1,2025,2025-01-20
519,44,2,2024,2024-02-19
520,44,2,2025,2025-02-17
521,44,3,2024,2024-06-17
522,44,3,2025,2025-06-16
523,44,4,2024,2024-07-15
524,44,4,2025,2025-07-14
525,44,5,2024,2024-08-28
526,44,5,2025,2025-08-27
527,44,6,2024,2024-09-04
528,44,6,2025,2025-09-03
529,45,1,2024,2024-01-22
530,45,1,2025,2025-01-20
531,45,2,2024,2024-02-19
532,45,2,2025,2025-02-17
533,45,3,2024,2024-06-17
534,45,3,2025,2025-06-16
535,45,4,2024,2024-07-15
536,45,4,2025,2025-07-14
537,45,5,2024,2024-08-28
538,45,5,2025,2025-08-27
539,45,6,2024,2024-09-04
540,45,6,2025,2025-09-03
541,46,1,2024,2024-01-22
542,46,1,2025,2025-01-20
543,46,2,2024,2024-02-19
544,46,2,2025,2025-02-17
545,46,3,2024,2024-06-17
546,46,3,2025,2025-06-16
547,46,4,2024,2024-07-15
548,46,4,2025,2025-07-14
549,46,5,2024,2024-08-28
550,46,5,2025,2025-08-27
551,46,6,2024,2024-09-04
552,46,6,2025,2025-09-03
553,47,1,2024,2024-01-22
554,47,1,2025,2025-01-20
555,47,2,2024,2024-02-19
556,47,2,2025,2025-02-17
557,47,3,2024,2024-06-17
558,47,3,2025,2025-06-16
559,47,4,2024,2024-07-15
560,47,4,2025,2025-07-14
561,47,5,2024,2024-08-28
562,47,5,2025,2025-08-27
563,47,6,2024,2024-09-04
564,47,6,2025,2025-09-03
565,48,1,2024,2024-01-22
566,48,1,2025,2025-01-20
567,48,2,2024,2024-02-19
568,48,2,2025,2025-02-17
569,48,3,2024,2024-06-17
570,48,3,2025,2025-06-16
571,48,4,2024,2024-07-15
572,48,4,2025,2025-07-14
573,48,5,2024,2024-08-28
574,48,5,2025,2025-08-27
575,48,6,2024,2024-09-04
576,48,6,2025,2025-09-03
577,49,1,2024,2024-01-22
578,49,1,2025,2025-01-20
579,49,2,2024,2024-02-19
580,49,2,2025,2025-02-17
581,49,3,2024,2024-06-17
582,49,3,2025,2025-06-16
583,49,4,2024,2024-07-15
584,49,4,2025,2025-07-14
585,49,5,2024,2024-08-28
586,49,5,2025,2025-08-27
587,49,6,2024,2024-09-04
588,49,6,2025,2025-09-03
589,50,1,2024,2024-01-22
590,50,1,2025,2025-01-20
591,50,2,2024,2024-02-19
592,50,2,2025,2025-02-17
593,50,3,2024,2024-06-17
594,50,3,2025,2025-06-16
595,50,4,2024,2024-07-15
596,50,4,2025,2025-07-14
597,50,5,2024,2024-08-28
598,50,5,2025,2025-08-27
599,50,6,2024,2024-09-04
600,50,6,2025,2025-09-03
601,51,1,2024,2024-01-22
602,51,1,2025,2025-01-20
603,51,2,2024,2024-02-19
604,51,2,2025,2025-02-17
605,51,3,2024,2024-06-17
606,51,3,2025,2025-06-16
607,51,4,2024,2024-07-15
608,51,4,2025,2025-07-14
609,51,5,2024,2024-08-28
610,51,5,2025,2025-08-27
611,51,6,2024,2024-09-04
612,51,6,2025,2025-09-03
613,52,1,2024,2024-01-22
614,52,1,2025,2025-01-20
615,52,2,2024,2024-02-19
616,52,2,2025,2025-02-17
617,52,3,2024,2024-06-17
618,52,3,2025,2025-06-16
619,52,4,2024,2024-07-15
620,52,4,2025,2025-07-14
621,52,5,2024,2024-08-28
622,52,5,2025,2025-08-27
623,52,6,2024,2024-09-04
624,52,6,2025,2025-09-03
625,53,1,2024,2024-01-22
626,53,1,2025,2025-01-20
627,53,2,2024,2024-02-19
628,53,2,2025,2025-02-17
629,53,3,2024,2024-06-17
630,53,3,2025,2025-06-16
631,53,4,2024,2024-07-15
632,53,4,2025,2025-07-14
633,53,5,2024,2024-08-28
634,53,5,2025,2025-08-27
635,53,6,2024,2024-09-04
636,53,6,2025,2025-09-03
637,54,1,2024,2024-01-22
638,54,1,2025,2025-01-20
639,54,2,2024,2024-02-19
640,54,2,2025,2025-02-17
641,54,3,2024,2024-06-17
642,54,3,2025,2025-06-16
643,54,4,2024,2024-07-15
644,54,4,2025,2025-07-14
645,54,5,2024,2024-08-28
646,54,5,2025,2025-08-27
647,54,6,2024,2024-09-04
648,54,6,2025,2025-09-03
649,55,1,2024,2024-01-22
650,55,1,2025,2025-01-20
651,55,2,2024,2024-02-19
652,55,2,2025,2025-02-17
653,55,3,2024,2024-06-17
654,55,3,2025,2025-06-16
655,55,4,2024,2024-07-15
656,55,4,2025,2025-07-14
657,55,5,2024,2024-08-28
658,55,5,2025,2025-08-27
659,55,6,2024,2024-09-04
660,55,6,2025,2025-09-03
661,56,1,2024,2024-01-22
662,56,1,2025,2025-01-20
663,56,2,2024,2024-02-19
664,56,2,2025,2025-02-17
665,56,3,2024,2024-06-17
666,56,3,2025,2025-06-16
667,56,4,2024,2024-07-15
668,56,4,2025,2025-07-14
669,56,5,2024,2024-08-28
670,56,5,2025,2025-08-27
671,56,6,2024,2024-09-04
672,56,6,2025,2025-09-03
673,57,1,2024,2024-01-22
674,57,1,2025,2025-01-20
675,57,2,2024,2024-02-19
676,57,2,2025,2025-02-17
677,57,3,2024,2024-06-17
678,57,3,2025,2025-06-16
679,57,4,2024,2024-07-15
680,57,4,2025,2025-07-14
681,57,5,2024,2024-08-28
682,57,5,2025,2025-08-27
683,57,6,2024,2024-09-04
684,57,6,2025,2025-09-03
685,58,1,2024,2024-01-22
686,58,1,2025,2025-01-20
687,58,2,2024,2024-02-19
688,58,2,2025,2025-02-17
689,58,3,2024,2024-06-17
690,58,3,2025,2025-06-16
691,58,4,2024,2024-07-15
692,58,4,2025,2025-07-14
693,58,5,2024,2024-08-28
694,58,5,2025,2025-08-27
695,58,6,2024,2024-09-04
696,58,6,2025,2025-09-03
697,59,1,2024,2024-01-22
698,59,1,2025,2025-01-20
699,59,2,2024,2024-02-19
700,59,2,2025,2025-02-17
701,59,3,2024,2024-06-17
702,59,3,2025,2025-06-16
703,59,4,2024,2024-07-15
704,59,4,2025,2025-07-14
705,59,5,2024,2024-08-28
706,59,5,2025,2025-08-27
707,59,6,2024,2024-09-04
708,59,6,2025,2025-09-03
709,60,1,2024,2024-01-22
710,60,1,2025,2025-01-20
711,60,2,2024,2024-02-19
712,60,2,2025,2025-02-17
713,60,3,2024,2024-06-17
714,60,3,2025,2025-06-16
715,60,4,2024,2024-07-15
716,60,4,2025,2025-07-14
717,60,5,2024,2024-08-28
718,60,5,2025,2025-08-27
719,60,6,2024,2024-09-04
720,60,6,2025,2025-09-03
721,61,1,2024,2024-01-22
722,61,1,2025,2025-01-20
723,61,2,2024,2024-02-19
724,61,2,2025,2025-02-17
725,61,3,2024,2024-06-17
726,61,3,2025,2025-06-16
727,61,4,2024,2024-07-15
728,61,4,2025,2025-07-14
729,61,5,2024,2024-08-28
730,61,5,2025,2025-08-27
731,61,6,2024,2024-09-04
732,61,6,2025,2025-09-03
733,62,1,2024,2024-01-22
734,62,1,2025,2025-01-20
735,62,2,2024,2024-02-19
736,62,2,2025,2025-02-17
737,62,3,2024,2024-06-17
738,62,3,2025,2025-06-16
739,62,4,2024,2024-07-15
740,62,4,2025,2025-07-14
741,62,5,2024,2024-08-28
742,62,5,2025,2025-08-27
743,62,6,2024,2024-09-04
744,62,6,2025,2025-09-03
745,63,1,2024,2024-01-22
746,63,1,2025,2025-01-20
747,63,2,2024,2024-02-19
748,63,2,2025,2025-02-17
749,63,3,2024,2024-06-17
750,63,3,2025,2025-06-16
751,63,4,2024,2024-07-15
752,63,4,2025,2025-07-14
753,63,5,2024,2024-08-28
754,63,5,2025,2025-08-27
755,63,6,2024,2024-09-04
756,63,6,2025,2025-09-03
757,64,1,2024,2024-01-22
758,64,1,2025,2025-01-20
759,64,2,2024,2024-02-19
760,64,2,2025,2025-02-17
761,64,3,2024,2024-06-17
762,64,3,2025,2025-06-16
763,64,4,2024,2024-07-15
764,64,4,2025,2025-07-14
765,64,5,2024,2024-08-28
766,64,5,2025,2025-08-27
767,64,6,2024,2024-09-04
768,64,6,2025,2025-09-03
769,65,1,2024,2024-01-22
770,65,1,2025,2025-01-20
771,65,2,2024,2024-02-19
772,65,2,2025,2025-02-17
773,65,3,2024,2024-06-17
774,65,3,2025,2025-06-16
775,65,4,2024,2024-07-15
776,65,4,2025,2025-07-14
777,65,5,2024,2024-08-28
778,65,5,2025,2025-08-27
779,65,6,2024,2024-09-04
780,65,6,2025,2025-09-03
781,66,1,2024,2024-01-22
782,66,1,2025,2025-01-20
783,66,2,2024,2024-02-19
784,66,2,2025,2025-02-17
785,66,3,2024,2024-06-17
786,66,3,2025,2025-06-16
787,66,4,2024,2024-07-15
788,66,4,2025,2025-07-14
789,66,5,2024,2024-08-28
790,66,5,2025,2025-08-27
791,66,6,2024,2024-09-04
792,66,6,2025,2025-09-03
793,67,1,2024,2024-01-22
794,67,1,2025,2025-01-20
795,67,2,2024,2024-02-19
796,67,2,2025,2025-02-17
797,67,3,2024,2024-06-17
798,67,3,2025,2025-06-16
799,67,4,2024,2024-07-15
800,67,4,2025,2025-07-14
801,67,5,2024,2024-08-28
802,67,5,2025,2025-08-27
803,67,6,2024,2024-09-04
804,67,6,2025,2025-09-03
805,68,1,2024,2024-01-22
806,68,1,2025,2025-01-20
807,68,2,2024,2024-02-19
808,68,2,2025,2025-02-17
809,68,3,2024,2024-06-17
810,68,3,2025,2025-06-16
811,68,4,2024,2024-07-15
812,68,4,2025,2025-07-14
813,68,5,2024,2024-08-28
814,68,5,2025,2025-08-27
815,68,6,2024,2024-09-04
816,68,6,2025,2025-09-03
817,69,1,2024,2024-01-22
818,69,1,2025,2025-01-20
819,69,2,2024,2024-02-19
820,69,2,2025,2025-02-17
821,69,3,2024,2024-06-17
822,69,3,2025,2025-06-16
823,69,4,2024,2024-07-15
824,69,4,2025,2025-07-14
825,69,5,2024,2024-08-28
826,69,5,2025,2025-08-27
827,69,6,2024,2024-09-04
828,69,6,2025,2025-09-03
829,70,1,2024,2024-01-22
830,70,1,2025,2025-01-20
831,70,2,2024,2024-02-19
832,70,2,2025,2025-02-17
833,70,3,2024,2024-06-17
834,70,3,2025,2025-06-16
835,70,4,2024,2024-07-15
836,70,4,2025,2025-07-14
837,70,5,2024,2024-08-28
838,70,5,2025,2025-08-27
839,70,6,2024,2024-09-04
840,70,6,2025,2025-09-03
841,71,1,2024,2024-01-22
842,71,1,2025,2025-01-20
843,71,2,2024,2024-02-19
844,71,2,2025,2025-02-17
845,71,3,2024,2024-06-17
846,71,3,2025,2025-06-16
847,71,4,2024,2024-07-15
848,71,4,2025,2025-07-14
849,71,5,2024,2024-08-28
850,71,5,2025,2025-08-27
851,71,6,2024,2024-09-04
852,71,6,2025,2025-09-03
853,72,1,2024,2024-01-22
854,72,1,2025,2025-01-20
855,72,2,2024,2024-02-19
856,72,2,2025,2025-02-17
857,72,3,2024,2024-06-17
858,72,3,2025,2025-06-16
859,72,4,2024,2024-07-15
860,72,4,2025,2025-07-14
861,72,5,2024,2024-08-28
862,72,5,2025,2025-08-27
863,72,6,2024,2024-09-04
864,72,6,2025,2025-09-03
865,73,1,2024,2024-01-22
866,73,1,2025,2025-01-20
867,73,2,2024,2024-02-19
868,73,2,2025,2025-02-17
869,73,3,2024,2024-06-17
870,73,3,2025,2025-06-16
871,73,4,2024,2024-07-15
872,73,4,2025,2025-07-14
873,73,5,2024,2024-08-28
874,73,5,2025,2025-08-27
875,73,6,2024,2024-09-04
876,73,6,2025,2025-09-03
877,74,1,2024,2024-01-22
878,74,1,2025,2025-01-20
879,74,2,2024,2024-02-19
880,74,2,2025,2025-02-17
881,74,3,2024,2024-06-17
882,74,3,2025,2025-06-16
883,74,4,2024,2024-07-15
884,74,4,2025,2025-07-14
885,74,5,2024,2024-08-28
886,74,5,2025,2025-08-27
887,74,6,2024,2024-09-04
888,74,6,2025,2025-09-03
889,75,1,2024,2024-01-22
890,75,1,2025,2025-01-20
891,75,2,2024,2024-02-19
892,75,2,2025,2025-02-17
893,75,3,2024,2024-06-17
894,75,3,2025,2025-06-16
895,75,4,2024,2024-07-15
896,75,4,2025,2025-07-14
897,75,5,2024,2024-08-28
898,75,5,2025,2025-08-27
899,75,6,2024,2024-09-04
900,75,6,2025,2025-09-03
901,76,1,2024,2024-01-22
902,76,1,2025,2025-01-20
903,76,2,2024,2024-02-19
904,76,2,2025,2025-02-17
905,76,3,2024,2024-06-17
906,76,3,2025,2025-06-16
907,76,4,2024,2024-07-15
908,76,4,2025,2025-07-14
909,76,5,2024,2024-08-28
910,76,5,2025,2025-08-27
911,76,6,2024,2024-09-04
912,76,6,2025,2025-09-03
913,77,1,2024,2024-01-22
914,77,1,2025,2025-01-20
915,77,2,2024,2024-02-19
916,77,2,2025,2025-02-17
917,77,3,2024,2024-06-17
918,77,3,2025,2025-06-16
919,77,4,2024,2024-07-15
920,77,4,2025,2025-07-14
921,77,5,2024,2024-08-28
922,77,5,2025,2025-08-27
923,77,6,2024,2024-09-04
924,77,6,2025,2025-09-03
925,78,1,2024,2024-01-22
926,78,1,2025,2025-01-20
927,78,2,2024,2024-02-19
928,78,2,2025,2025-02-17
929,78,3,2024,2024-06-17
930,78,3,2025,2025-06-16
931,78,4,2024,2024-07-15
932,78,4,2025,2025-07-14
933,78,5,2024,2024-08-28
934,78,5,2025,2025-08-27
935,78,6,2024,2024-09-04
936,78,6,2025,2025-09-03
937,79,1,2024,2024-01-22
938,79,1,2025,2025-01-20
939,79,2,2024,2024-02-19
940,79,2,2025,2025-02-17
941,79,3,2024,2024-06-17
942,79,3,2025,2025-06-16
943,79,4,2024,2024-07-15
944,79,4,2025,2025-07-14
945,79,5,2024,2024-08-28
946,79,5,2025,2025-08-27
947,79,6,2024,2024-09-04
948,79,6,2025,2025-09-03
949,80,1,2024,2024-01-22
950,80,1,2025,2025-01-20
951,80,2,2024,2024-02-19
952,80,2,2025,2025-02-17
953,80,3,2024,2024-06-17
954,80,3,2025,2025-06-16
955,80,4,2024,2024-07-15
956,80,4,2025,2025-07-14
957,80,5,2024,2024-08-28
958,80,5,2025,2025-08-27
959,80,6,2024,2024-09-04
960,80,6,2025,2025-09-03
961,81,1,2024,2024-01-22
962,81,1,2025,2025-01-20
963,81,2,2024,2024-02-19
964,81,2,2025,2025-02-17
965,81,3,2024,2024-06-17
966,81,3,2025,2025-06-16
967,81,4,2024,2024-07-15
968,81,4,2025,2025-07-14
969,81,5,2024,2024-08-28
970,81,5,2025,2025-08-27
971,81,6,2024,2024-09-04
972,81,6,2025,2025-09-03
973,82,1,2024,2024-01-22
974,82,1,2025,2025-01-20
975,82,2,2024,2024-02-19
976,82,2,2025,2025-02-17
977,82,3,2024,2024-06-17
978,82,3,2025,2025-06-16
979,82,4,2024,2024-07-15
980,82,4,2025,2025-07-14
981,82,5,2024,2024-08-28
982,82,5,2025,2025-08-27
983,82,6,2024,2024-09-04
984,82,6,2025,2025-09-03
985,83,1,2024,2024-01-22
986,83,1,2025,2025-01-20
987,83,2,2024,2024-02-19
988,83,2,2025,2025-02-17
989,83,3,2024,2024-06-17
990,83,3,2025,2025-06-16
991,83,4,2024,2024-07-15
992,83,4,2025,2025-07-14
993,83,5,2024,2024-08-28
994,83,5,2025,2025-08-27
995,83,6,2024,2024-09-04
996,83,6,2025,2025-09-03
997,84,1,2024,2024-01-22
998,84,1,2025,2025-01-20
999,84,2,2024,2024-02-19
1000,84,2,2025,2025-02-17
1001,84,3,2024,2024-06-17
1002,84,3,2025,2025-06-16
1003,84,4,2024,2024-07-15
1004,84,4,2025,2025-07-14
1005,84,5,2024,2024-08-28
1006,84,5,2025,2025-08-27
1007,84,6,2024,2024-09-04
1008,84,6,2025,2025-09-03
1009,85,1,2024,2024-01-22
1010,85,1,2025,2025-01-20
1011,85,2,2024,2024-02-19
1012,85,2,2025,2025-02-17
1013,85,3,2024,2024-06-17
1014,85,3,2025,2025-06-16
1015,85,4,2024,2024-07-15
1016,85,4,2025,2025-07-14
1017,85,5,2024,2024-08-28
1018,85,5,2025,2025-08-27
1019,85,6,2024,2024-09-04
1020,85,6,2025,2025-09-03
1021,86,1,2024,2024-01-22
1022,86,1,2025,2025-01-20
1023,86,2,2024,2024-02-19
1024,86,2,2025,2025-02-17
1025,86,3,2024,2024-06-17
1026,86,3,2025,2025-06-16
1027,86,4,2024,2024-07-15
1028,86,4,2025,2025-07-14
1029,86,5,2024,2024-08-28
1030,86,5,2025,2025-08-27
1031,86,6,2024,2024-09-04
1032,86,6,2025,2025-09-03
1033,87,1,2024,2024-01-22
1034,87,1,2025,2025-01-20
1035,87,2,2024,2024-02-19
1036,87,2,2025,2025-02-17
1037,87,3,2024,2024-06-17
1038,87,3,2025,2025-06-16
1039,87,4,2024,2024-07-15
1040,87,4,2025,2025-07-14
1041,87,5,2024,2024-08-28
1042,87,5,2025,2025-08-27
1043,87,6,2024,2024-09-04
1044,87,6,2025,2025-09-03
1045,88,1,2024,2024-01-22
1046,88,1,2025,2025-01-20
1047,88,2,2024,2024-02-19
1048,88,2,2025,2025-02-17
1049,88,3,2024,2024-06-17
1050,88,3,2025,2025-06-16
1051,88,4,2024,2024-07-15
1052,88,4,2025,2025-07-14
1053,88,5,2024,2024-08-28
1054,88,5,2025,2025-08-27
1055,88,6,2024,2024-09-04
1056,88,6,2025,2025-09-03
1057,89,1,2024,2024-01-22
1058,89,1,2025,2025-01-20
1059,89,2,2024,2024-02-19
1060,89,2,2025,2025-02-17
1061,89,3,2024,2024-06-17
1062,89,3,2025,2025-06-16
1063,89,4,2024,2024-07-15
1064,89,4,2025,2025-07-14
1065,89,5,2024,2024-08-28
1066,89,5,2025,2025-08-27
1067,89,6,2024,2024-09-04
1068,89,6,2025,2025-09-03
1069,90,1,2024,2024-01-22
1070,90,1,2025,2025-01-20
1071,90,2,2024,2024-02-19
1072,90,2,2025,2025-02-17
1073,90,3,2024,2024-06-17
1074,90,3,2025,2025-06-16
1075,90,4,2024,2024-07-15
1076,90,4,2025,2025-07-14
1077,90,5,2024,2024-08-28
1078,90,5,2025,2025-08-27
1079,90,6,2024,2024-09-04
1080,90,6,2025,2025-09-03
1081,91,1,2024,2024-01-22
1082,91,1,2025,2025-01-20
1083,91,2,2024,2024-02-19
1084,91,2,2025,2025-02-17
1085,91,3,2024,2024-06-17
1086,91,3,2025,2025-06-16
1087,91,4,2024,2024-07-15
1088,91,4,2025,2025-07-14
1089,91,5,2024,2024-08-28
1090,91,5,2025,2025-08-27
1091,91,6,2024,2024-09-04
1092,91,6,2025,2025-09-03
1093,92,1,2024,2024-01-22
1094,92,1,2025,2025-01-20
1095,92,2,2024,2024-02-19
1096,92,2,2025,2025-02-17
1097,92,3,2024,2024-06-17
1098,92,3,2025,2025-06-16
1099,92,4,2024,2024-07-15
1100,92,4,2025,2025-07-14
1101,92,5,2024,2024-08-28
1102,92,5,2025,2025-08-27
1103,92,6,2024,2024-09-04
1104,92,6,2025,2025-09-03
1105,93,1,2024,2024-01-22
1106,93,1,2025,2025-01-20
1107,93,2,2024,2024-02-19
1108,93,2,2025,2025-02-17
1109,93,3,2024,2024-06-17
1110,93,3,2025,2025-06-16
1111,93,4,2024,2024-07-15
1112,93,4,2025,2025-07-14
1113,93,5,2024,2024-08-28
1114,93,5,2025,2025-08-27
1115,93,6,2024,2024-09-04
1116,93,6,2025,2025-09-03
1117,94,1,2024,2024-01-22
1118,94,1,2025,2025-01-20
1119,94,2,2024,2024-02-19
1120,94,2,2025,2025-02-17
1121,94,3,2024,2024-06-17
1122,94,3,2025,2025-06-16
1123,94,4,2024,2024-07-15
1124,94,4,2025,2025-07-14
1125,94,5,2024,2024-08-28
1126,94,5,2025,2025-08-27
1127,94,6,2024,2024-09-04
1128,94,6,2025,2025-09-03
1129,95,1,2024,2024-01-22
1130,95,1,2025,2025-01-20
1131,95,2,2024,2024-02-19
1132,95,2,2025,2025-02-17
1133,95,3,2024,2024-06-17
1134,95,3,2025,2025-06-16
1135,95,4,2024,2024-07-15
1136,95,4,2025,2025-07-14
1137,95,5,2024,2024-08-28
1138,95,5,2025,2025-08-27
1139,95,6,2024,2024-09-04
1140,95,6,2025,2025-09-03
1141,96,1,2024,2024-01-22
1142,96,1,2025,2025-01-20
1143,96,2,2024,2024-02-19
1144,96,2,2025,2025-02-17
1145,96,3,2024,2024-06-17
1146,96,3,2025,2025-06-16
1147,96,4,2024,2024-07-15
1148,96,4,2025,2025-07-14
1149,96,5,2024,2024-08-28
1150,96,5,2025,2025-08-27
1151,96,6,2024,2024-09-04
1152,96,6,2025,2025-09-03
1153,97,1,2024,2024-01-22
1154,97,1,2025,2025-01-20
1155,97,2,2024,2024-02-19
1156,97,2,2025,2025-02-17
1157,97,3,2024,2024-06-17
1158,97,3,2025,2025-06-16
1159,97,4,2024,2024-07-15
1160,97,4,2025,2025-07-14
1161,97,5,2024,2024-08-28
1162,97,5,2025,2025-08-27
1163,97,6,2024,2024-09-04
1164,97,6,2025,2025-09-03
1165,98,1,2024,2024-01-22
1166,98,1,2025,2025-01-20
1167,98,2,2024,2024-02-19
1168,98,2,2025,2025-02-17
1169,98,3,2024,2024-06-17
1170,98,3,2025,2025-06-16
1171,98,4,2024,2024-07-15
1172,98,4,2025,2025-07-14
1173,98,5,2024,2024-08-28
1174,98,5,2025,2025-08-27
1175,98,6,2024,2024-09-04
1176,98,6,2025,2025-09-03
1177,99,1,2024,2024-01-22
1178,99,1,2025,2025-01-20
1179,99,2,2024,2024-02-19
1180,99,2,2025,2025-02-17
1181,99,3,2024,2024-06-17
1182,99,3,2025,2025-06-16
1183,99,4,2024,2024-07-15
1184,99,4,2025,2025-07-14
1185,99,5,2024,2024-08-28
1186,99,5,2025,2025-08-27
1187,99,6,2024,2024-09-04
1188,99,6,2025,2025-09-03
1189,100,1,2024,2024-01-22
1190,100,1,2025,2025-01-20
1191,100,2,2024,2024-02-19
1192,100,2,2025,2025-02-17
1193,100,3,2024,2024-06-17
1194,100,3,2025,2025-06-16
1195,100,4,2024,2024-07-15
1196,100,4,2025,2025-07-14
1197,100,5,2024,2024-08-28
1198,100,5,2025,2025-08-27
1199,100,6,2024,2024-09-04
1200,100,6,2025,2025-09-03
1201,101,1,2024,2024-01-22
1202,101,1,2025,2025-01-20
1203,101,2,2024,2024-02-19
1204,101,2,2025,2025-02-17
1205,101,3,2024,2024-06-17
1206,101,3,2025,2025-06-16
1207,101,4,2024,2024-07-15
1208,101,4,2025,2025-07-14
1209,101,5,2024,2024-08-28
1210,101,5,2025,2025-08-27
1211,101,6,2024,2024-09-04
1212,101,6,2025,2025-09-03
1213,102,1,2024,2024-01-22
1214,102,1,2025,2025-01-20
1215,102,2,2024,2024-02-19
1216,102,2,2025,2025-02-17
1217,102,3,2024,2024-06-17
1218,102,3,2025,2025-06-16
1219,102,4,2024,2024-07-15
1220,102,4,2025,2025-07-14
1221,102,5,2024,2024-08-28
1222,102,5,2025,2025-08-27
1223,102,6,2024,2024-09-04
1224,102,6,2025,2025-09-03
1225,103,1,2024,2024-01-22
1226,103,1,2025,2025-01-20
1227,103,2,2024,2024-02-19
1228,103,2,2025,2025-02-17
1229,103,3,2024,2024-06-17
1230,103,3,2025,2025-06-16
1231,103,4,2024,2024-07-15
1232,103,4,2025,2025-07-14
1233,103,5,2024,2024-08-28
1234,103,5,2025,2025-08-27
1235,103,6,2024,2024-09-04
1236,103,6,2025,2025-09-03
1237,104,1,2024,2024-01-22
1238,104,1,2025,2025-01-20
1239,104,2,2024,2024-02-19
1240,104,2,2025,2025-02-17
1241,104,3,2024,2024-06-17
1242,104,3,2025,2025-06-16
1243,104,4,2024,2024-07-15
1244,104,4,2025,2025-07-14
1245,104,5,2024,2024-08-28
1246,104,5,2025,2025-08-27
1247,104,6,2024,2024-09-04
1248,104,6,2025,2025-09-03
1249,105,1,2024,2024-01-22
1250,105,1,2025,2025-01-20
1251,105,2,2024,2024-02-19
1252,105,2,2025,2025-02-17
1253,105,3,2024,2024-06-17
1254,105,3,2025,2025-06-16
1255,105,4,2024,2024-07-15
1256,105,4,2025,2025-07-14
1257,105,5,2024,2024-08-28
1258,105,5,2025,2025-08-27
1259,105,6,2024,2024-09-04
1260,105,6,2025,2025-09-03
1261,106,1,2024,2024-01-22
1262,106,1,2025,2025-01-20
1263,106,2,2024,2024-02-19
1264,106,2,2025,2025-02-17
1265,106,3,2024,2024-06-17
1266,106,3,2025,2025-06-16
1267,106,4,2024,2024-07-15
1268,106,4,2025,2025-07-14
1269,106,5,2024,2024-08-28
1270,106,5,2025,2025-08-27
1271,106,6,2024,2024-09-04
1272,106,6,2025,2025-09-03
1273,107,1,2024,2024-01-22
1274,107,1,2025,2025-01-20
1275,107,2,2024,2024-02-19
1276,107,2,2025,2025-02-17
1277,107,3,2024,2024-06-17
1278,107,3,2025,2025-06-16
1279,107,4,2024,2024-07-15
1280,107,4,2025,2025-07-14
1281,107,5,2024,2024-08-28
1282,107,5,2025,2025-08-27
1283,107,6,2024,2024-09-04
1284,107,6,2025,2025-09-03
1285,108,1,2024,2024-01-22
1286,108,1,2025,2025-01-20
1287,108,2,2024,2024-02-19
1288,108,2,2025,2025-02-17
1289,108,3,2024,2024-06-17
1290,108,3,2025,2025-06-16
1291,108,4,2024,2024-07-15
1292,108,4,2025,2025-07-14
1293,108,5,2024,2024-08-28
1294,108,5,2025,2025-08-27
1295,108,6,2024,2024-09-04
1296,108,6,2025,2025-09-03
1297,109,1,2024,2024-01-22
1298,109,1,2025,2025-01-20
1299,109,2,2024,2024-02-19
1300,109,2,2025,2025-02-17
1301,109,3,2024,2024-06-17
1302,109,3,2025,2025-06-16
1303,109,4,2024,2024-07-15
1304,109,4,2025,2025-07-14
1305,109,5,2024,2024-08-28
1306,109,5,2025,2025-08-27
1307,109,6,2024,2024-09-04
1308,109,6,2025,2025-09-03
1309,110,1,2024,2024-01-22
1310,110,1,2025,2025-01-20
1311,110,2,2024,2024-02-19
1312,110,2,2025,2025-02-17
1313,110,3,2024,2024-06-17
1314,110,3,2025,2025-06-16
1315,110,4,2024,2024-07-15
1316,110,4,2025,2025-07-14
1317,110,5,2024,2024-08-28
1318,110,5,2025,2025-08-27
1319,110,6,2024,2024-09-04
1320,110,6,2025,2025-09-03
1321,111,1,2024,2024-01-22
1322,111,1,2025,2025-01-20
1323,111,2,2024,2024-02-19
1324,111,2,2025,2025-02-17
1325,111,3,2024,2024-06-17
1326,111,3,2025,2025-06-16
1327,111,4,2024,2024-07-15
1328,111,4,2025,2025-07-14
1329,111,5,2024,2024-08-28
1330,111,5,2025,2025-08-27
1331,111,6,2024,2024-09-04
1332,111,6,2025,2025-09-03
1333,112,1,2024,2024-01-22
1334,112,1,2025,2025-01-20
1335,112,2,2024,2024-02-19
1336,112,2,2025,2025-02-17
1337,112,3,2024,2024-06-17
1338,112,3,2025,2025-06-16
1339,112,4,2024,2024-07-15
1340,112,4,2025,2025-07-14
1341,112,5,2024,2024-08-28
1342,112,5,2025,2025-08-27
1343,112,6,2024,2024-09-04
1344,112,6,2025,2025-09-03
1345,113,1,2024,2024-01-22
1346,113,1,2025,2025-01-20
1347,113,2,2024,2024-02-19
1348,113,2,2025,2025-02-17
1349,113,3,2024,2024-06-17
1350,113,3,2025,2025-06-16
1351,113,4,2024,2024-07-15
1352,113,4,2025,2025-07-14
1353,113,5,2024,2024-08-28
1354,113,5,2025,2025-08-27
1355,113,6,2024,2024-09-04
1356,113,6,2025,2025-09-03
1357,114,1,2024,2024-01-22
1358,114,1,2025,2025-01-20
1359,114,2,2024,2024-02-19
1360,114,2,2025,2025-02-17
1361,114,3,2024,2024-06-17
1362,114,3,2025,2025-06-16
1363,114,4,2024,2024-07-15
1364,114,4,2025,2025-07-14
1365,114,5,2024,2024-08-28
1366,114,5,2025,2025-08-27
1367,114,6,2024,2024-09-04
1368,114,6,2025,2025-09-03
1369,115,1,2024,2024-01-22
1370,115,1,2025,2025-01-20
1371,115,2,2024,2024-02-19
1372,115,2,2025,2025-02-17
1373,115,3,2024,2024-06-17
1374,115,3,2025,2025-06-16
1375,115,4,2024,2024-07-15
1376,115,4,2025,2025-07-14
1377,115,5,2024,2024-08-28
1378,115,5,2025,2025-08-27
1379,115,6,2024,2024-09-04
1380,115,6,2025,2025-09-03
1381,116,1,2024,2024-01-22
1382,116,1,2025,2025-01-20
1383,116,2,2024,2024-02-19
1384,116,2,2025,2025-02-17
1385,116,3,2024,2024-06-17
1386,116,3,2025,2025-06-16
1387,116,4,2024,2024-07-15
1388,116,4,2025,2025-07-14
1389,116,5,2024,2024-08-28
1390,116,5,2025,2025-08-27
1391,116,6,2024,2024-09-04
1392,116,6,2025,2025-09-03
1393,117,1,2024,2024-01-22
1394,117,1,2025,2025-01-20
1395,117,2,2024,2024-02-19
1396,117,2,2025,2025-02-17
1397,117,3,2024,2024-06-17
1398,117,3,2025,2025-06-16
1399,117,4,2024,2024-07-15
1400,117,4,2025,2025-07-14
1401,117,5,2024,2024-08-28
1402,117,5,2025,2025-08-27
1403,117,6,2024,2024-09-04
1404,117,6,2025,2025-09-03
1405,118,1,2024,2024-01-22
1406,118,1,2025,2025-01-20
1407,118,2,2024,2024-02-19
1408,118,2,2025,2025-02-17
1409,118,3,2024,2024-06-17
1410,118,3,2025,2025-06-16
1411,118,4,2024,2024-07-15
1412,118,4,2025,2025-07-14
1413,118,5,2024,2024-08-28
1414,118,5,2025,2025-08-27
1415,118,6,2024,2024-09-04
1416,118,6,2025,2025-09-03
1417,119,1,2024,2024-01-22
1418,119,1,2025,2025-01-20
1419,119,2,2024,2024-02-19
1420,119,2,2025,2025-02-17
1421,119,3,2024,2024-06-17
1422,119,3,2025,2025-06-16
1423,119,4,2024,2024-07-15
1424,119,4,2025,2025-07-14
1425,119,5,2024,2024-08-28
1426,119,5,2025,2025-08-27
1427,119,6,2024,2024-09-04
1428,119,6,2025,2025-09-03
1429,120,1,2024,2024-01-22
1430,120,1,2025,2025-01-20
1431,120,2,2024,2024-02-19
1432,120,2,2025,2025-02-17
1433,120,3,2024,2024-06-17
1434,120,3,2025,2025-06-16
1435,120,4,2024,2024-07-15
1436,120,4,2025,2025-07-14
1437,120,5,2024,2024-08-28
1438,120,5,2025,2025-08-27
1439,120,6,2024,2024-09-04
1440,120,6,2025,2025-09-03
1441,121,1,2024,2024-01-22
1442,121,1,2025,2025-01-20
1443,121,2,2024,2024-02-19
1444,121,2,2025,2025-02-17
1445,121,3,2024,2024-06-17
1446,121,3,2025,2025-06-16
1447,121,4,2024,2024-07-15
1448,121,4,2025,2025-07-14
1449,121,5,2024,2024-08-28
1450,121,5,2025,2025-08-27
1451,121,6,2024,2024-09-04
1452,121,6,2025,2025-09-03
1453,122,1,2024,2024-01-22
1454,122,1,2025,2025-01-20
1455,122,2,2024,2024-02-19
1456,122,2,2025,2025-02-17
1457,122,3,2024,2024-06-17
1458,122,3,2025,2025-06-16
1459,122,4,2024,2024-07-15
1460,122,4,2025,2025-07-14
1461,122,5,2024,2024-08-28
1462,122,5,2025,2025-08-27
1463,122,6,2024,2024-09-04
1464,122,6,2025,2025-09-03
1465,123,1,2024,2024-01-22
1466,123,1,2025,2025-01-20
1467,123,2,2024,2024-02-19
1468,123,2,2025,2025-02-17
1469,123,3,2024,2024-06-17
1470,123,3,2025,2025-06-16
1471,123,4,2024,2024-07-15
1472,123,4,2025,2025-07-14
1473,123,5,2024,2024-08-28
1474,123,5,2025,2025-08-27
1475,123,6,2024,2024-09-04
1476,123,6,2025,2025-09-03
1477,124,1,2024,2024-01-22
1478,124,1,2025,2025-01-20
1479,124,2,2024,2024-02-19
1480,124,2,2025,2025-02-17
1481,124,3,2024,2024-06-17
1482,124,3,2025,2025-06-16
1483,124,4,2024,2024-07-15
1484,124,4,2025,2025-07-14
1485,124,5,2024,2024-08-28
1486,124,5,2025,2025-08-27
1487,124,6,2024,2024-09-04
1488,124,6,2025,2025-09-03
1489,125,1,2024,2024-01-22
1490,125,1,2025,2025-01-20
1491,125,2,2024,2024-02-19
1492,125,2,2025,2025-02-17
1493,125,3,2024,2024-06-17
1494,125,3,2025,2025-06-16
1495,125,4,2024,2024-07-15
1496,125,4,2025,2025-07-14
1497,125,5,2024,2024-08-28
1498,125,5,2025,2025-08-27
1499,125,6,2024,2024-09-04
1500,125,6,2025,2025-09-03
1501,126,1,2024,2024-01-22
1502,126,1,2025,2025-01-20
1503,126,2,2024,2024-02-19
1504,126,2,2025,2025-02-17
1505,126,3,2024,2024-06-17
1506,126,3,2025,2025-06-16
1507,126,4,2024,2024-07-15
1508,126,4,2025,2025-07-14
1509,126,5,2024,2024-08-28
1510,126,5,2025,2025-08-27
1511,126,6,2024,2024-09-04
1512,126,6,2025,2025-09-03
1513,127,1,2024,2024-01-22
1514,127,1,2025,2025-01-20
1515,127,2,2024,2024-02-19
1516,127,2,2025,2025-02-17
1517,127,3,2024,2024-06-17
1518,127,3,2025,2025-06-16
1519,127,4,2024,2024-07-15
1520,127,4,2025,2025-07-14
1521,127,5,2024,2024-08-28
1522,127,5,2025,2025-08-27
1523,127,6,2024,2024-09-04
1524,127,6,2025,2025-09-03
1525,128,1,2024,2024-01-22
1526,128,1,2025,2025-01-20
1527,128,2,2024,2024-02-19
1528,128,2,2025,2025-02-17
1529,128,3,2024,2024-06-17
1530,128,3,2025,2025-06-16
1531,128,4,2024,2024-07-15
1532,128,4,2025,2025-07-14
1533,128,5,2024,2024-08-28
1534,128,5,2025,2025-08-27
1535,128,6,2024,2024-09-04
1536,128,6,2025,2025-09-03
1537,129,1,2024,2024-01-22
1538,129,1,2025,2025-01-20
1539,129,2,2024,2024-02-19
1540,129,2,2025,2025-02-17
1541,129,3,2024,2024-06-17
1542,129,3,2025,2025-06-16
1543,129,4,2024,2024-07-15
1544,129,4,2025,2025-07-14
1545,129,5,2024,2024-08-28
1546,129,5,2025,2025-08-27
1547,129,6,2024,2024-09-04
1548,129,6,2025,2025-09-03
1549,130,1,2024,2024-01-22
1550,130,1,2025,2025-01-20
1551,130,2,2024,2024-02-19
1552,130,2,2025,2025-02-17
1553,130,3,2024,2024-06-17
1554,130,3,2025,2025-06-16
1555,130,4,2024,2024-07-15
1556,130,4,2025,2025-07-14
1557,130,5,2024,2024-08-28
1558,130,5,2025,2025-08-27
1559,130,6,2024,2024-09-04
1560,130,6,2025,2025-09-03
1561,131,1,2024,2024-01-22
1562,131,1,2025,2025-01-20
1563,131,2,2024,2024-02-19
1564,131,2,2025,2025-02-17
1565,131,3,2024,2024-06-17
1566,131,3,2025,2025-06-16
1567,131,4,2024,2024-07-15
1568,131,4,2025,2025-07-14
1569,131,5,2024,2024-08-28
1570,131,5,2025,2025-08-27
1571,131,6,2024,2024-09-04
1572,131,6,2025,2025-09-03
1573,132,1,2024,2024-01-22
1574,132,1,2025,2025-01-20
1575,132,2,2024,2024-02-19
1576,132,2,2025,2025-02-17
1577,132,3,2024,2024-06-17
1578,132,3,2025,2025-06-16
1579,132,4,2024,2024-07-15
1580,132,4,2025,2025-07-14
1581,132,5,2024,2024-08-28
1582,132,5,2025,2025-08-27
1583,132,6,2024,2024-09-04
1584,132,6,2025,2025-09-03
1585,133,1,2024,2024-01-22
1586,133,1,2025,2025-01-20
1587,133,2,2024,2024-02-19
1588,133,2,2025,2025-02-17
1589,133,3,2024,2024-06-17
1590,133,3,2025,2025-06-16
1591,133,4,2024,2024-07-15
1592,133,4,2025,2025-07-14
1593,133,5,2024,2024-08-28
1594,133,5,2025,2025-08-27
1595,133,6,2024,2024-09-04
1596,133,6,2025,2025-09-03
1597,134,1,2024,2024-01-22
1598,134,1,2025,2025-01-20
1599,134,2,2024,2024-02-19
1600,134,2,2025,2025-02-17
1601,134,3,2024,2024-06-17
1602,134,3,2025,2025-06-16
1603,134,4,2024,2024-07-15
1604,134,4,2025,2025-07-14
1605,134,5,2024,2024-08-28
1606,134,5,2025,2025-08-27
1607,134,6,2024,2024-09-04
1608,134,6,2025,2025-09-03
1609,135,1,2024,2024-01-22
1610,135,1,2025,2025-01-20
1611,135,2,2024,2024-02-19
1612,135,2,2025,2025-02-17
1613,135,3,2024,2024-06-17
1614,135,3,2025,2025-06-16
1615,135,4,2024,2024-07-15
1616,135,4,2025,2025-07-14
1617,135,5,2024,2024-08-28
1618,135,5,2025,2025-08-27
1619,135,6,2024,2024-09-04
1620,135,6,2025,2025-09-03
1621,136,1,2024,2024-01-22
1622,136,1,2025,2025-01-20
1623,136,2,2024,2024-02-19
1624,136,2,2025,2025-02-17
1625,136,3,2024,2024-06-17
1626,136,3,2025,2025-06-16
1627,136,4,2024,2024-07-15
1628,136,4,2025,2025-07-14
1629,136,5,2024,2024-08-28
1630,136,5,2025,2025-08-27
1631,136,6,2024,2024-09-04
1632,136,6,2025,2025-09-03
1633,137,1,2024,2024-01-22
1634,137,1,2025,2025-01-20
1635,137,2,2024,2024-02-19
1636,137,2,2025,2025-02-17
1637,137,3,2024,2024-06-17
1638,137,3,2025,2025-06-16
1639,137,4,2024,2024-07-15
1640,137,4,2025,2025-07-14
1641,137,5,2024,2024-08-28
1642,137,5,2025,2025-08-27
1643,137,6,2024,2024-09-04
1644,137,6,2025,2025-09-03
1645,138,1,2024,2024-01-22
1646,138,1,2025,2025-01-20
1647,138,2,2024,2024-02-19
1648,138,2,2025,2025-02-17
1649,138,3,2024,2024-06-17
1650,138,3,2025,2025-06-16
1651,138,4,2024,2024-07-15
1652,138,4,2025,2025-07-14
1653,138,5,2024,2024-08-28
1654,138,5,2025,2025-08-27
1655,138,6,2024,2024-09-04
1656,138,6,2025,2025-09-03
1657,139,1,2024,2024-01-22
1658,139,1,2025,2025-01-20
1659,139,2,2024,2024-02-19
1660,139,2,2025,2025-02-17
1661,139,3,2024,2024-06-17
1662,139,3,2025,2025-06-16
1663,139,4,2024,2024-07-15
1664,139,4,2025,2025-07-14
1665,139,5,2024,2024-08-28
1666,139,5,2025,2025-08-27
1667,139,6,2024,2024-09-04
1668,139,6,2025,2025-09-03
1669,140,1,2024,2024-01-22
1670,140,1,2025,2025-01-20
1671,140,2,2024,2024-02-19
1672,140,2,2025,2025-02-17
1673,140,3,2024,2024-06-17
1674,140,3,2025,2025-06-16
1675,140,4,2024,2024-07-15
1676,140,4,2025,2025-07-14
1677,140,5,2024,2024-08-28
1678,140,5,2025,2025-08-27
1679,140,6,2024,2024-09-04
1680,140,6,2025,2025-09-03
1681,141,1,2024,2024-01-22
1682,141,1,2025,2025-01-20
1683,141,2,2024,2024-02-19
1684,141,2,2025,2025-02-17
1685,141,3,2024,2024-06-17
1686,141,3,2025,2025-06-16
1687,141,4,2024,2024-07-15
1688,141,4,2025,2025-07-14
1689,141,5,2024,2024-08-28
1690,141,5,2025,2025-08-27
1691,141,6,2024,2024-09-04
1692,141,6,2025,2025-09-03
1693,142,1,2024,2024-01-22
1694,142,1,2025,2025-01-20
1695,142,2,2024,2024-02-19
1696,142,2,2025,2025-02-17
1697,142,3,2024,2024-06-17
1698,142,3,2025,2025-06-16
1699,142,4,2024,2024-07-15
1700,142,4,2025,2025-07-14
1701,142,5,2024,2024-08-28
1702,142,5,2025,2025-08-27
1703,142,6,2024,2024-09-04
1704,142,6,2025,2025-09-03
1705,143,1,2024,2024-01-22
1706,143,1,2025,2025-01-20
1707,143,2,2024,2024-02-19
1708,143,2,2025,2025-02-17
1709,143,3,2024,2024-06-17
1710,143,3,2025,2025-06-16
1711,143,4,2024,2024-07-15
1712,143,4,2025,2025-07-14
1713,143,5,2024,2024-08-28
1714,143,5,2025,2025-08-27
1715,143,6,2024,2024-09-04
1716,143,6,2025,2025-09-03
1717,144,1,2024,2024-01-22
1718,144,1,2025,2025-01-20
1719,144,2,2024,2024-02-19
1720,144,2,2025,2025-02-17
1721,144,3,2024,2024-06-17
1722,144,3,2025,2025-06-16
1723,144,4,2024,2024-07-15
1724,144,4,2025,2025-07-14
1725,144,5,2024,2024-08-28
1726,144,5,2025,2025-08-27
1727,144,6,2024,2024-09-04
1728,144,6,2025,2025-09-03
1729,145,1,2024,2024-01-22
1730,145,1,2025,2025-01-20
1731,145,2,2024,2024-02-19
1732,145,2,2025,2025-02-17
1733,145,3,2024,2024-06-17
1734,145,3,2025,2025-06-16
1735,145,4,2024,2024-07-15
1736,145,4,2025,2025-07-14
1737,145,5,2024,2024-08-28
1738,145,5,2025,2025-08-27
1739,145,6,2024,2024-09-04
1740,145,6,2025,2025-09-03
1741,146,1,2024,2024-01-22
1742,146,1,2025,2025-01-20
1743,146,2,2024,2024-02-19
1744,146,2,2025,2025-02-17
1745,146,3,2024,2024-06-17
1746,146,3,2025,2025-06-16
1747,146,4,2024,2024-07-15
1748,146,4,2025,2025-07-14
1749,146,5,2024,2024-08-28
1750,146,5,2025,2025-08-27
1751,146,6,2024,2024-09-04
1752,146,6,2025,2025-09-03
1753,147,1,2024,2024-01-22
1754,147,1,2025,2025-01-20
1755,147,2,2024,2024-02-19
1756,147,2,2025,2025-02-17
1757,147,3,2024,2024-06-17
1758,147,3,2025,2025-06-16
1759,147,4,2024,2024-07-15
1760,147,4,2025,2025-07-14
1761,147,5,2024,2024-08-28
1762,147,5,2025,2025-08-27
1763,147,6,2024,2024-09-04
1764,147,6,2025,2025-09-03
1765,148,1,2024,2024-01-22
1766,148,1,2025,2025-01-20
1767,148,2,2024,2024-02-19
1768,148,2,2025,2025-02-17
1769,148,3,2024,2024-06-17
1770,148,3,2025,2025-06-16
1771,148,4,2024,2024-07-15
1772,148,4,2025,2025-07-14
1773,148,5,2024,2024-08-28
1774,148,5,2025,2025-08-27
1775,148,6,2024,2024-09-04
1776,148,6,2025,2025-09-03
1777,149,1,2024,2024-01-22
1778,149,1,2025,2025-01-20
1779,149,2,2024,2024-02-19
1780,149,2,2025,2025-02-17
1781,149,3,2024,2024-06-17
1782,149,3,2025,2025-06-16
1783,149,4,2024,2024-07-15
1784,149,4,2025,2025-07-14
1785,149,5,2024,2024-08-28
1786,149,5,2025,2025-08-27
1787,149,6,2024,2024-09-04
1788,149,6,2025,2025-09-03
1789,150,1,2024,2024-01-22
1790,150,1,2025,2025-01-20
1791,150,2,2024,2024-02-19
1792,150,2,2025,2025-02-17
1793,150,3,2024,2024-06-17
1794,150,3,2025,2025-06-16
1795,150,4,2024,2024-07-15
1796,150,4,2025,2025-07-14
1797,150,5,2024,2024-08-28
1798,150,5,2025,2025-08-27
1799,150,6,2024,2024-09-04
1800,150,6,2025,2025-09-03
1801,151,1,2024,2024-01-22
1802,151,1,2025,2025-01-20
1803,151,2,2024,2024-02-19
1804,151,2,2025,2025-02-17
1805,151,3,2024,2024-06-17
1806,151,3,2025,2025-06-16
1807,151,4,2024,2024-07-15
1808,151,4,2025,2025-07-14
1809,151,5,2024,2024-08-28
1810,151,5,2025,2025-08-27
1811,151,6,2024,2024-09-04
1812,151,6,2025,2025-09-03
1813,152,1,2024,2024-01-22
1814,152,1,2025,2025-01-20
1815,152,2,2024,2024-02-19
1816,152,2,2025,2025-02-17
1817,152,3,2024,2024-06-17
1818,152,3,2025,2025-06-16
1819,152,4,2024,2024-07-15
1820,152,4,2025,2025-07-14
1821,152,5,2024,2024-08-28
1822,152,5,2025,2025-08-27
1823,152,6,2024,2024-09-04
1824,152,6,2025,2025-09-03
1825,153,1,2024,2024-01-22
1826,153,1,2025,2025-01-20
1827,153,2,2024,2024-02-19
1828,153,2,2025,2025-02-17
1829,153,3,2024,2024-06-17
1830,153,3,2025,2025-06-16
1831,153,4,2024,2024-07-15
1832,153,4,2025,2025-07-14
1833,153,5,2024,2024-08-28
1834,153,5,2025,2025-08-27
1835,153,6,2024,2024-09-04
1836,153,6,2025,2025-09-03
1837,154,1,2024,2024-01-22
1838,154,1,2025,2025-01-20
1839,154,2,2024,2024-02-19
1840,154,2,2025,2025-02-17
1841,154,3,2024,2024-06-17
1842,154,3,2025,2025-06-16
1843,154,4,2024,2024-07-15
1844,154,4,2025,2025-07-14
1845,154,5,2024,2024-08-28
1846,154,5,2025,2025-08-27
1847,154,6,2024,2024-09-04
1848,154,6,2025,2025-09-03
1849,155,1,2024,2024-01-22
1850,155,1,2025,2025-01-20
1851,155,2,2024,2024-02-19
1852,155,2,2025,2025-02-17
1853,155,3,2024,2024-06-17
1854,155,3,2025,2025-06-16
1855,155,4,2024,2024-07-15
1856,155,4,2025,2025-07-14
1857,155,5,2024,2024-08-28
1858,155,5,2025,2025-08-27
1859,155,6,2024,2024-09-04
1860,155,6,2025,2025-09-03
1861,156,1,2024,2024-01-22
1862,156,1,2025,2025-01-20
1863,156,2,2024,2024-02-19
1864,156,2,2025,2025-02-17
1865,156,3,2024,2024-06-17
1866,156,3,2025,2025-06-16
1867,156,4,2024,2024-07-15
1868,156,4,2025,2025-07-14
1869,156,5,2024,2024-08-28
1870,156,5,2025,2025-08-27
1871,156,6,2024,2024-09-04
1872,156,6,2025,2025-09-03
1873,157,1,2024,2024-01-22
1874,157,1,2025,2025-01-20
1875,157,2,2024,2024-02-19
1876,157,2,2025,2025-02-17
1877,157,3,2024,2024-06-17
1878,157,3,2025,2025-06-16
1879,157,4,2024,2024-07-15
1880,157,4,2025,2025-07-14
1881,157,5,2024,2024-08-28
1882,157,5,2025,2025-08-27
1883,157,6,2024,2024-09-04
1884,157,6,2025,2025-09-03
1885,158,1,2024,2024-01-22
1886,158,1,2025,2025-01-20
1887,158,2,2024,2024-02-19
1888,158,2,2025,2025-02-17
1889,158,3,2024,2024-06-17
1890,158,3,2025,2025-06-16
1891,158,4,2024,2024-07-15
1892,158,4,2025,2025-07-14
1893,158,5,2024,2024-08-28
1894,158,5,2025,2025-08-27
1895,158,6,2024,2024-09-04
1896,158,6,2025,2025-09-03
1897,159,1,2024,2024-01-22
1898,159,1,2025,2025-01-20
1899,159,2,2024,2024-02-19
1900,159,2,2025,2025-02-17
1901,159,3,2024,2024-06-17
1902,159,3,2025,2025-06-16
1903,159,4,2024,2024-07-15
1904,159,4,2025,2025-07-14
1905,159,5,2024,2024-08-28
1906,159,5,2025,2025-08-27
1907,159,6,2024,2024-09-04
1908,159,6,2025,2025-09-03
1909,160,1,2024,2024-01-22
1910,160,1,2025,2025-01-20
1911,160,2,2024,2024-02-19
1912,160,2,2025,2025-02-17
1913,160,3,2024,2024-06-17
1914,160,3,2025,2025-06-16
1915,160,4,2024,2024-07-15
1916,160,4,2025,2025-07-14
1917,160,5,2024,2024-08-28
1918,160,5,2025,2025-08-27
1919,160,6,2024,2024-09-04
1920,160,6,2025,2025-09-03
1921,161,1,2024,2024-01-22
1922,161,1,2025,2025-01-20
1923,161,2,2024,2024-02-19
1924,161,2,2025,2025-02-17
1925,161,3,2024,2024-06-17
1926,161,3,2025,2025-06-16
1927,161,4,2024,2024-07-15
1928,161,4,2025,2025-07-14
1929,161,5,2024,2024-08-28
1930,161,5,2025,2025-08-27
1931,161,6,2024,2024-09-04
1932,161,6,2025,2025-09-03
1933,162,1,2024,2024-01-22
1934,162,1,2025,2025-01-20
1935,162,2,2024,2024-02-19
1936,162,2,2025,2025-02-17
1937,162,3,2024,2024-06-17
1938,162,3,2025,2025-06-16
1939,162,4,2024,2024-07-15
1940,162,4,2025,2025-07-14
1941,162,5,2024,2024-08-28
1942,162,5,2025,2025-08-27
1943,162,6,2024,2024-09-04
1944,162,6,2025,2025-09-03
1945,163,1,2024,2024-01-22
1946,163,1,2025,2025-01-20
1947,163,2,2024,2024-02-19
1948,163,2,2025,2025-02-17
1949,163,3,2024,2024-06-17
1950,163,3,2025,2025-06-16
1951,163,4,2024,2024-07-15
1952,163,4,2025,2025-07-14
1953,163,5,2024,2024-08-28
1954,163,5,2025,2025-08-27
1955,163,6,2024,2024-09-04
1956,163,6,2025,2025-09-03
1957,164,1,2024,2024-01-22
1958,164,1,2025,2025-01-20
1959,164,2,2024,2024-02-19
1960,164,2,2025,2025-02-17
1961,164,3,2024,2024-06-17
1962,164,3,2025,2025-06-16
1963,164,4,2024,2024-07-15
1964,164,4,2025,2025-07-14
1965,164,5,2024,2024-08-28
1966,164,5,2025,2025-08-27
1967,164,6,2024,2024-09-04
1968,164,6,2025,2025-09-03
1969,165,1,2024,2024-01-22
1970,165,1,2025,2025-01-20
1971,165,2,2024,2024-02-19
1972,165,2,2025,2025-02-17
1973,165,3,2024,2024-06-17
1974,165,3,2025,2025-06-16
1975,165,4,2024,2024-07-15
1976,165,4,2025,2025-07-14
1977,165,5,2024,2024-08-28
1978,165,5,2025,2025-08-27
1979,165,6,2024,2024-09-04
1980,165,6,2025,2025-09-03
1981,166,1,2024,2024-01-22
1982,166,1,2025,2025-01-20
1983,166,2,2024,2024-02-19
1984,166,2,2025,2025-02-17
1985,166,3,2024,2024-06-17
1986,166,3,2025,2025-06-16
1987,166,4,2024,2024-07-15
1988,166,4,2025,2025-07-14
1989,166,5,2024,2024-08-28
1990,166,5,2025,2025-08-27
1991,166,6,2024,2024-09-04
1992,166,6,2025,2025-09-03
1993,167,1,2024,2024-01-22
1994,167,1,2025,2025-01-20
1995,167,2,2024,2024-02-19
1996,167,2,2025,2025-02-17
1997,167,3,2024,2024-06-17
1998,167,3,2025,2025-06-16
1999,167,4,2024,2024-07-15
2000,167,4,2025,2025-07-14
2001,167,5,2024,2024-08-28
2002,167,5,2025,2025-08-27
2003,167,6,2024,2024-09-04
2004,167,6,2025,2025-09-03
